sg_geoid,sg_year,matched_same_year,matched_other_years
06001,2000,TRUE,2010;2020
09001,2000,TRUE,2010;2020
10001,2000,TRUE,2010;2020
11001,2000,TRUE,2010;2020
12001,2000,TRUE,2010;2020
15001,2000,FALSE,NA
16001,2000,TRUE,2010;2020
17001,2000,TRUE,2010;2020
23001,2000,TRUE,2010;2020
25001,2000,TRUE,2010;2020
28001,2000,TRUE,2010;2020
29001,2000,TRUE,2010;2020
34001,2000,TRUE,2010;2020
35001,2000,TRUE,2010;2020
36001,2000,TRUE,2010;2020
37001,2000,TRUE,2010;2020
44001,2000,TRUE,2010;2020
47001,2000,TRUE,2010;2020
51001,2000,TRUE,2010;2020
01003,2000,TRUE,2010;2020
04003,2000,TRUE,2010;2020
05003,2000,TRUE,2010;2020
09003,2000,TRUE,2010;2020
10003,2000,TRUE,2010;2020
15003,2000,FALSE,NA
18003,2000,TRUE,2010;2020
23003,2000,TRUE,2010;2020
24003,2000,TRUE,2010;2020
27003,2000,TRUE,2010;2020
32003,2000,TRUE,2010;2020
34003,2000,TRUE,2010;2020
37003,2000,TRUE,2010;2020
39003,2000,TRUE,2010;2020
42003,2000,TRUE,2010;2020
45003,2000,TRUE,2010;2020
46003,2000,TRUE,2010;2020
54003,2000,TRUE,2010;2020
04005,2000,TRUE,2010;2020
05005,2000,TRUE,2010;2020
08005,2000,TRUE,2010;2020
09005,2000,TRUE,2010;2020
10005,2000,TRUE,2010;2020
12005,2000,TRUE,2010;2020
13005,2000,TRUE,2010;2020
18005,2000,TRUE,2010;2020
21005,2000,TRUE,2010;2020
24005,2000,TRUE,2010;2020
25005,2000,TRUE,2010;2020
26005,2000,TRUE,2010;2020
27005,2000,TRUE,2010;2020
34005,2000,TRUE,2010;2020
36005,2000,TRUE,2010;2020
39005,2000,TRUE,2010;2020
41005,2000,TRUE,2010;2020
42005,2000,TRUE,2010;2020
44005,2000,TRUE,2010;2020
48005,2000,TRUE,2010;2020
55005,2000,TRUE,2010;2020
01007,2000,TRUE,2010;2020
04007,2000,TRUE,2010;2020
05007,2000,TRUE,2010;2020
06007,2000,TRUE,2010;2020
15007,2000,FALSE,NA
23007,2000,TRUE,2010;2020
34007,2000,TRUE,2010;2020
36007,2000,TRUE,2010;2020
39007,2000,TRUE,2010;2020
44007,2000,TRUE,2010;2020
45007,2000,TRUE,2010;2020
50007,2000,TRUE,2010;2020
05009,2000,TRUE,2010;2020
09009,2000,TRUE,2010;2020
12009,2000,TRUE,2010;2020
15009,2000,FALSE,NA
21009,2000,TRUE,2010;2020
23009,2000,TRUE,2010;2020
25009,2000,TRUE,2010;2020
34009,2000,TRUE,2010;2020
36009,2000,TRUE,2010;2020
37009,2000,TRUE,2010;2020
41009,2000,TRUE,2010;2020
44009,2000,TRUE,2010;2020
51009,2000,TRUE,2010;2020
55009,2000,TRUE,2010;2020
09011,2000,TRUE,2010;2020
12011,2000,TRUE,2010;2020
17011,2000,TRUE,2010;2020
18011,2000,TRUE,2010;2020
23011,2000,TRUE,2010;2020
24011,2000,TRUE,2010;2020
33011,2000,TRUE,2010;2020
41011,2000,TRUE,2010;2020
53011,2000,TRUE,2010;2020
54011,2000,TRUE,2010;2020
04013,2000,TRUE,2010;2020
06013,2000,TRUE,2010;2020
08013,2000,TRUE,2010;2020
13013,2000,TRUE,2010;2020
24013,2000,TRUE,2010;2020
25013,2000,TRUE,2010;2020
33013,2000,TRUE,2010;2020
34013,2000,TRUE,2010;2020
35013,2000,TRUE,2010;2020
36013,2000,TRUE,2010;2020
39013,2000,TRUE,2010;2020
42013,2000,TRUE,2010;2020
22015,2000,TRUE,2010;2020
28015,2000,TRUE,2010;2020
33015,2000,TRUE,2010;2020
34015,2000,TRUE,2010;2020
36015,2000,TRUE,2010;2020
53015,2000,TRUE,2010;2020
05017,2000,TRUE,2010;2020
06017,2000,TRUE,2010;2020
18017,2000,TRUE,2010;2020
22017,2000,TRUE,2010;2020
25017,2000,TRUE,2010;2020
26017,2000,TRUE,2010;2020
31017,2000,TRUE,2010;2020
34017,2000,TRUE,2010;2020
37017,2000,TRUE,2010;2020
38017,2000,TRUE,2010;2020
39017,2000,TRUE,2010;2020
41017,2000,TRUE,2010;2020
42017,2000,TRUE,2010;2020
45017,2000,TRUE,2010;2020
47017,2000,TRUE,2010;2020
04019,2000,TRUE,2010;2020
06019,2000,TRUE,2010;2020
13019,2000,TRUE,2010;2020
16019,2000,TRUE,2010;2020
17019,2000,TRUE,2010;2020
18019,2000,TRUE,2010;2020
22019,2000,TRUE,2010;2020
23019,2000,TRUE,2010;2020
24019,2000,TRUE,2010;2020
29019,2000,TRUE,2010;2020
36019,2000,TRUE,2010;2020
37019,2000,TRUE,2010;2020
40019,2000,TRUE,2010;2020
45019,2000,TRUE,2010;2020
02020,2000,FALSE,NA
01021,2000,TRUE,2010;2020
12021,2000,TRUE,2010;2020
13021,2000,TRUE,2010;2020
19021,2000,TRUE,2010;2020
20021,2000,TRUE,2010;2020
21021,2000,TRUE,2010;2020
24021,2000,TRUE,2010;2020
25021,2000,TRUE,2010;2020
26021,2000,TRUE,2010;2020
34021,2000,TRUE,2010;2020
40021,2000,TRUE,2010;2020
42021,2000,TRUE,2010;2020
45021,2000,TRUE,2010;2020
48021,2000,TRUE,2010;2020
55021,2000,TRUE,2010;2020
56021,2000,TRUE,2010;2020
05023,2000,TRUE,2010;2020
06023,2000,TRUE,2010;2020
12023,2000,TRUE,2010;2020
18023,2000,TRUE,2010;2020
25023,2000,TRUE,2010;2020
34023,2000,TRUE,2010;2020
37023,2000,TRUE,2010;2020
39023,2000,TRUE,2010;2020
48023,2000,TRUE,2010;2020
50023,2000,TRUE,2010;2020
01025,2000,TRUE,2010;2020
06025,2000,TRUE,2010;2020
24025,2000,TRUE,2010;2020
25025,2000,TRUE,2010;2020
26025,2000,TRUE,2010;2020
34025,2000,TRUE,2010;2020
50025,2000,TRUE,2010;2020
53025,2000,TRUE,2010;2020
55025,2000,TRUE,2010;2020
72025,2000,FALSE,NA
13027,2000,TRUE,2010;2020
25027,2000,TRUE,2010;2020
27027,2000,TRUE,2010;2020
34027,2000,TRUE,2010;2020
37027,2000,TRUE,2010;2020
38027,2000,TRUE,2010;2020
41027,2000,TRUE,2010;2020
42027,2000,TRUE,2010;2020
06029,2000,TRUE,2010;2020
08029,2000,TRUE,2010;2020
17029,2000,TRUE,2010;2020
19029,2000,TRUE,2010;2020
22029,2000,TRUE,2010;2020
36029,2000,TRUE,2010;2020
39029,2000,TRUE,2010;2020
41029,2000,TRUE,2010;2020
42029,2000,TRUE,2010;2020
47029,2000,TRUE,2010;2020
48029,2000,TRUE,2010;2020
53029,2000,TRUE,2010;2020
56029,2000,TRUE,2010;2020
01031,2000,TRUE,2010;2020
08031,2000,TRUE,2010;2020
12031,2000,TRUE,2010;2020
17031,2000,TRUE,2010;2020
18031,2000,TRUE,2010;2020
23031,2000,TRUE,2010;2020
24031,2000,TRUE,2010;2020
29031,2000,TRUE,2010;2020
32031,2000,TRUE,2010;2020
34031,2000,TRUE,2010;2020
40031,2000,TRUE,2010;2020
72031,2000,FALSE,NA
01033,2000,TRUE,2010;2020
12033,2000,TRUE,2010;2020
22033,2000,TRUE,2010;2020
24033,2000,TRUE,2010;2020
28033,2000,TRUE,2010;2020
29033,2000,TRUE,2010;2020
39033,2000,TRUE,2010;2020
42033,2000,TRUE,2010;2020
53033,2000,TRUE,2010;2020
05035,2000,TRUE,2010;2020
06035,2000,TRUE,2010;2020
24035,2000,TRUE,2010;2020
27035,2000,TRUE,2010;2020
34035,2000,TRUE,2010;2020
37035,2000,TRUE,2010;2020
39035,2000,TRUE,2010;2020
48035,2000,TRUE,2010;2020
49035,2000,TRUE,2010;2020
53035,2000,TRUE,2010;2020
72035,2000,FALSE,NA
06037,2000,TRUE,2010;2020
20037,2000,TRUE,2010;2020
21037,2000,TRUE,2010;2020
24037,2000,TRUE,2010;2020
26037,2000,TRUE,2010;2020
27037,2000,TRUE,2010;2020
28037,2000,TRUE,2010;2020
34037,2000,TRUE,2010;2020
35037,2000,TRUE,2010;2020
37037,2000,TRUE,2010;2020
40037,2000,TRUE,2010;2020
47037,2000,TRUE,2010;2020
48037,2000,TRUE,2010;2020
01039,2000,TRUE,2010;2020
06039,2000,TRUE,2010;2020
16039,2000,TRUE,2010;2020
18039,2000,TRUE,2010;2020
29039,2000,TRUE,2010;2020
34039,2000,TRUE,2010;2020
36039,2000,TRUE,2010;2020
37039,2000,TRUE,2010;2020
41039,2000,TRUE,2010;2020
54039,2000,TRUE,2010;2020
55039,2000,TRUE,2010;2020
01041,2000,TRUE,2010;2020
06041,2000,TRUE,2010;2020
08041,2000,TRUE,2010;2020
18041,2000,TRUE,2010;2020
19041,2000,TRUE,2010;2020
22041,2000,TRUE,2010;2020
39041,2000,TRUE,2010;2020
45041,2000,TRUE,2010;2020
48041,2000,TRUE,2010;2020
51041,2000,TRUE,2010;2020
16043,2000,TRUE,2010;2020
17043,2000,TRUE,2010;2020
28043,2000,TRUE,2010;2020
29043,2000,TRUE,2010;2020
37043,2000,TRUE,2010;2020
39043,2000,TRUE,2010;2020
42043,2000,TRUE,2010;2020
45043,2000,TRUE,2010;2020
55043,2000,TRUE,2010;2020
05045,2000,TRUE,2010;2020
18045,2000,TRUE,2010;2020
20045,2000,TRUE,2010;2020
24045,2000,TRUE,2010;2020
26045,2000,TRUE,2010;2020
31045,2000,TRUE,2010;2020
35045,2000,TRUE,2010;2020
36045,2000,TRUE,2010;2020
37045,2000,TRUE,2010;2020
39045,2000,TRUE,2010;2020
42045,2000,TRUE,2010;2020
45045,2000,TRUE,2010;2020
49045,2000,TRUE,2010;2020
56045,2000,TRUE,2010;2020
01047,2000,TRUE,2010;2020
06047,2000,TRUE,2010;2020
13047,2000,TRUE,2010;2020
22047,2000,TRUE,2010;2020
29047,2000,TRUE,2010;2020
36047,2000,TRUE,2010;2020
45047,2000,TRUE,2010;2020
48047,2000,TRUE,2010;2020
49047,2000,TRUE,2010;2020
17049,2000,TRUE,2010;2020
18049,2000,TRUE,2010;2020
27049,2000,TRUE,2010;2020
28049,2000,TRUE,2010;2020
30049,2000,TRUE,2010;2020
35049,2000,TRUE,2010;2020
37049,2000,TRUE,2010;2020
39049,2000,TRUE,2010;2020
42049,2000,TRUE,2010;2020
49049,2000,TRUE,2010;2020
54049,2000,TRUE,2010;2020
01051,2000,TRUE,2010;2020
05051,2000,TRUE,2010;2020
13051,2000,TRUE,2010;2020
29051,2000,TRUE,2010;2020
35051,2000,TRUE,2010;2020
36051,2000,TRUE,2010;2020
37051,2000,TRUE,2010;2020
41051,2000,TRUE,2010;2020
45051,2000,TRUE,2010;2020
54051,2000,TRUE,2010;2020
01053,2000,TRUE,2010;2020
06053,2000,TRUE,2010;2020
16053,2000,TRUE,2010;2020
18053,2000,TRUE,2010;2020
26053,2000,TRUE,2010;2020
27053,2000,TRUE,2010;2020
30053,2000,TRUE,2010;2020
31053,2000,TRUE,2010;2020
45053,2000,TRUE,2010;2020
48053,2000,TRUE,2010;2020
49053,2000,TRUE,2010;2020
53053,2000,TRUE,2010;2020
01055,2000,TRUE,2010;2020
12055,2000,TRUE,2010;2020
16055,2000,TRUE,2010;2020
31055,2000,TRUE,2010;2020
36055,2000,TRUE,2010;2020
42055,2000,TRUE,2010;2020
45055,2000,TRUE,2010;2020
55055,2000,TRUE,2010;2020
12057,2000,TRUE,2010;2020
16057,2000,TRUE,2010;2020
18057,2000,TRUE,2010;2020
19057,2000,TRUE,2010;2020
20057,2000,TRUE,2010;2020
37057,2000,TRUE,2010;2020
39057,2000,TRUE,2010;2020
49057,2000,TRUE,2010;2020
55057,2000,TRUE,2010;2020
06059,2000,TRUE,2010;2020
08059,2000,TRUE,2010;2020
13059,2000,TRUE,2010;2020
36059,2000,TRUE,2010;2020
37059,2000,TRUE,2010;2020
41059,2000,TRUE,2010;2020
45059,2000,TRUE,2010;2020
51059,2000,TRUE,2010;2020
54059,2000,TRUE,2010;2020
55059,2000,TRUE,2010;2020
19061,2000,TRUE,2010;2020
22061,2000,TRUE,2010;2020
36061,2000,TRUE,2010;2020
39061,2000,TRUE,2010;2020
42061,2000,TRUE,2010;2020
48061,2000,TRUE,2010;2020
51061,2000,TRUE,2010;2020
53061,2000,TRUE,2010;2020
54061,2000,TRUE,2010;2020
12063,2000,TRUE,2010;2020
13063,2000,TRUE,2010;2020
18063,2000,TRUE,2010;2020
36063,2000,TRUE,2010;2020
37063,2000,TRUE,2010;2020
53063,2000,TRUE,2010;2020
55063,2000,TRUE,2010;2020
06065,2000,TRUE,2010;2020
18065,2000,TRUE,2010;2020
26065,2000,TRUE,2010;2020
36065,2000,TRUE,2010;2020
37065,2000,TRUE,2010;2020
47065,2000,TRUE,2010;2020
06067,2000,TRUE,2010;2020
13067,2000,TRUE,2010;2020
16067,2000,TRUE,2010;2020
18067,2000,TRUE,2010;2020
21067,2000,TRUE,2010;2020
22067,2000,TRUE,2010;2020
27067,2000,TRUE,2010;2020
36067,2000,TRUE,2010;2020
37067,2000,TRUE,2010;2020
40067,2000,TRUE,2010;2020
41067,2000,TRUE,2010;2020
45067,2000,TRUE,2010;2020
48067,2000,TRUE,2010;2020
53067,2000,TRUE,2010;2020
05069,2000,TRUE,2010;2020
06069,2000,TRUE,2010;2020
12069,2000,TRUE,2010;2020
22069,2000,TRUE,2010;2020
29069,2000,TRUE,2010;2020
37069,2000,TRUE,2010;2020
42069,2000,TRUE,2010;2020
55069,2000,TRUE,2010;2020
06071,2000,TRUE,2010;2020
12071,2000,TRUE,2010;2020
22071,2000,TRUE,2010;2020
29071,2000,TRUE,2010;2020
36071,2000,TRUE,2010;2020
37071,2000,TRUE,2010;2020
39071,2000,TRUE,2010;2020
41071,2000,TRUE,2010;2020
42071,2000,TRUE,2010;2020
55071,2000,TRUE,2010;2020
01073,2000,TRUE,2010;2020
05073,2000,TRUE,2010;2020
06073,2000,TRUE,2010;2020
12073,2000,TRUE,2010;2020
17073,2000,TRUE,2010;2020
21073,2000,TRUE,2010;2020
22073,2000,TRUE,2010;2020
27073,2000,TRUE,2010;2020
39073,2000,TRUE,2010;2020
40073,2000,TRUE,2010;2020
42073,2000,TRUE,2010;2020
47073,2000,TRUE,2010;2020
53073,2000,TRUE,2010;2020
55073,2000,TRUE,2010;2020
01075,2000,TRUE,2010;2020
05075,2000,TRUE,2010;2020
06075,2000,TRUE,2010;2020
12075,2000,TRUE,2010;2020
26075,2000,TRUE,2010;2020
28075,2000,TRUE,2010;2020
42075,2000,TRUE,2010;2020
45075,2000,TRUE,2010;2020
48075,2000,TRUE,2010;2020
06077,2000,TRUE,2010;2020
13077,2000,TRUE,2010;2020
18077,2000,TRUE,2010;2020
29077,2000,TRUE,2010;2020
39077,2000,TRUE,2010;2020
42077,2000,TRUE,2010;2020
53077,2000,TRUE,2010;2020
20079,2000,TRUE,2010;2020
22079,2000,TRUE,2010;2020
28079,2000,TRUE,2010;2020
31079,2000,TRUE,2010;2020
36079,2000,TRUE,2010;2020
42079,2000,TRUE,2010;2020
45079,2000,TRUE,2010;2020
51079,2000,TRUE,2010;2020
54079,2000,TRUE,2010;2020
55079,2000,TRUE,2010;2020
01081,2000,TRUE,2010;2020
05081,2000,TRUE,2010;2020
06081,2000,TRUE,2010;2020
19081,2000,TRUE,2010;2020
26081,2000,TRUE,2010;2020
36081,2000,TRUE,2010;2020
37081,2000,TRUE,2010;2020
42081,2000,TRUE,2010;2020
01083,2000,TRUE,2010;2020
06083,2000,TRUE,2010;2020
12083,2000,TRUE,2010;2020
16083,2000,TRUE,2010;2020
18083,2000,TRUE,2010;2020
22083,2000,TRUE,2010;2020
36083,2000,TRUE,2010;2020
37083,2000,TRUE,2010;2020
45083,2000,TRUE,2010;2020
48083,2000,TRUE,2010;2020
05085,2000,TRUE,2010;2020
06085,2000,TRUE,2010;2020
17085,2000,TRUE,2010;2020
27085,2000,TRUE,2010;2020
36085,2000,TRUE,2010;2020
39085,2000,TRUE,2010;2020
42085,2000,TRUE,2010;2020
45085,2000,TRUE,2010;2020
48085,2000,TRUE,2010;2020
12086,2000,TRUE,2010;2020
01087,2000,TRUE,2010;2020
36087,2000,TRUE,2010;2020
42087,2000,TRUE,2010;2020
45087,2000,TRUE,2010;2020
51087,2000,TRUE,2010;2020
55087,2000,TRUE,2010;2020
01089,2000,TRUE,2010;2020
12089,2000,TRUE,2010;2020
13089,2000,TRUE,2010;2020
17089,2000,TRUE,2010;2020
18089,2000,TRUE,2010;2020
21089,2000,TRUE,2010;2020
28089,2000,TRUE,2010;2020
31089,2000,TRUE,2010;2020
36089,2000,TRUE,2010;2020
39089,2000,TRUE,2010;2020
55089,2000,TRUE,2010;2020
02090,2000,FALSE,NA
05091,2000,TRUE,2010;2020
13091,2000,TRUE,2010;2020
17091,2000,TRUE,2010;2020
20091,2000,TRUE,2010;2020
26091,2000,TRUE,2010;2020
28091,2000,TRUE,2010;2020
36091,2000,TRUE,2010;2020
39091,2000,TRUE,2010;2020
42091,2000,TRUE,2010;2020
45091,2000,TRUE,2010;2020
21093,2000,TRUE,2010;2020
36093,2000,TRUE,2010;2020
39093,2000,TRUE,2010;2020
47093,2000,TRUE,2010;2020
01095,2000,TRUE,2010;2020
06095,2000,TRUE,2010;2020
12095,2000,TRUE,2010;2020
13095,2000,TRUE,2010;2020
18095,2000,TRUE,2010;2020
22095,2000,TRUE,2010;2020
29095,2000,TRUE,2010;2020
39095,2000,TRUE,2010;2020
42095,2000,TRUE,2010;2020
01097,2000,TRUE,2010;2020
12097,2000,TRUE,2010;2020
13097,2000,TRUE,2010;2020
17097,2000,TRUE,2010;2020
18097,2000,TRUE,2010;2020
22097,2000,TRUE,2010;2020
28097,2000,TRUE,2010;2020
37097,2000,TRUE,2010;2020
42097,2000,TRUE,2010;2020
47097,2000,TRUE,2010;2020
06099,2000,TRUE,2010;2020
12099,2000,TRUE,2010;2020
13099,2000,TRUE,2010;2020
17099,2000,TRUE,2010;2020
26099,2000,TRUE,2010;2020
29099,2000,TRUE,2010;2020
39099,2000,TRUE,2010;2020
42099,2000,TRUE,2010;2020
55099,2000,TRUE,2010;2020
01101,2000,TRUE,2010;2020
17101,2000,TRUE,2010;2020
19101,2000,TRUE,2010;2020
27101,2000,TRUE,2010;2020
36101,2000,TRUE,2010;2020
38101,2000,TRUE,2010;2020
40101,2000,TRUE,2010;2020
42101,2000,TRUE,2010;2020
55101,2000,TRUE,2010;2020
01103,2000,TRUE,2010;2020
12103,2000,TRUE,2010;2020
13103,2000,TRUE,2010;2020
18103,2000,TRUE,2010;2020
20103,2000,TRUE,2010;2020
22103,2000,TRUE,2010;2020
36103,2000,TRUE,2010;2020
46103,2000,TRUE,2010;2020
72103,2000,FALSE,NA
05105,2000,TRUE,2010;2020
08105,2000,TRUE,2010;2020
18105,2000,TRUE,2010;2020
22105,2000,TRUE,2010;2020
27105,2000,TRUE,2010;2020
28105,2000,TRUE,2010;2020
55105,2000,TRUE,2010;2020
01107,2000,TRUE,2010;2020
06107,2000,TRUE,2010;2020
28107,2000,TRUE,2010;2020
29107,2000,TRUE,2010;2020
47107,2000,TRUE,2010;2020
48107,2000,TRUE,2010;2020
51107,2000,TRUE,2010;2020
54107,2000,TRUE,2010;2020
28109,2000,TRUE,2010;2020
31109,2000,TRUE,2010;2020
39109,2000,TRUE,2010;2020
40109,2000,TRUE,2010;2020
55109,2000,TRUE,2010;2020
02110,2000,FALSE,NA
05111,2000,TRUE,2010;2020
06111,2000,TRUE,2010;2020
12111,2000,TRUE,2010;2020
13111,2000,TRUE,2010;2020
17111,2000,TRUE,2010;2020
19111,2000,TRUE,2010;2020
21111,2000,TRUE,2010;2020
27111,2000,TRUE,2010;2020
30111,2000,TRUE,2010;2020
31111,2000,TRUE,2010;2020
37111,2000,TRUE,2010;2020
40111,2000,TRUE,2010;2020
55111,2000,TRUE,2010;2020
06113,2000,TRUE,2010;2020
12113,2000,TRUE,2010;2020
17113,2000,TRUE,2010;2020
18113,2000,TRUE,2010;2020
21113,2000,TRUE,2010;2020
22113,2000,TRUE,2010;2020
39113,2000,TRUE,2010;2020
48113,2000,TRUE,2010;2020
05115,2000,TRUE,2010;2020
17115,2000,TRUE,2010;2020
26115,2000,TRUE,2010;2020
36115,2000,TRUE,2010;2020
47115,2000,TRUE,2010;2020
55115,2000,TRUE,2010;2020
01117,2000,TRUE,2010;2020
12117,2000,TRUE,2010;2020
17117,2000,TRUE,2010;2020
21117,2000,TRUE,2010;2020
26117,2000,TRUE,2010;2020
42117,2000,TRUE,2010;2020
55117,2000,TRUE,2010;2020
01119,2000,TRUE,2010;2020
05119,2000,TRUE,2010;2020
12119,2000,TRUE,2010;2020
17119,2000,TRUE,2010;2020
22119,2000,TRUE,2010;2020
27119,2000,TRUE,2010;2020
36119,2000,TRUE,2010;2020
37119,2000,TRUE,2010;2020
39119,2000,TRUE,2010;2020
47119,2000,TRUE,2010;2020
01121,2000,TRUE,2010;2020
13121,2000,TRUE,2010;2020
26121,2000,TRUE,2010;2020
48121,2000,TRUE,2010;2020
02122,2000,FALSE,NA
01123,2000,TRUE,2010;2020
08123,2000,TRUE,2010;2020
20123,2000,TRUE,2010;2020
21123,2000,TRUE,2010;2020
27123,2000,TRUE,2010;2020
28123,2000,TRUE,2010;2020
55123,2000,TRUE,2010;2020
01125,2000,TRUE,2010;2020
21125,2000,TRUE,2010;2020
26125,2000,TRUE,2010;2020
46125,2000,TRUE,2010;2020
47125,2000,TRUE,2010;2020
01127,2000,TRUE,2010;2020
12127,2000,TRUE,2010;2020
13127,2000,TRUE,2010;2020
17127,2000,TRUE,2010;2020
18127,2000,TRUE,2010;2020
19127,2000,TRUE,2010;2020
37127,2000,TRUE,2010;2020
39127,2000,TRUE,2010;2020
55127,2000,TRUE,2010;2020
72127,2000,FALSE,NA
37129,2000,TRUE,2010;2020
42129,2000,TRUE,2010;2020
55129,2000,TRUE,2010;2020
72129,2000,FALSE,NA
05131,2000,TRUE,2010;2020
12131,2000,TRUE,2010;2020
18131,2000,TRUE,2010;2020
12133,2000,TRUE,2010;2020
17133,2000,TRUE,2010;2020
29133,2000,TRUE,2010;2020
37133,2000,TRUE,2010;2020
39133,2000,TRUE,2010;2020
42133,2000,TRUE,2010;2020
55133,2000,TRUE,2010;2020
13135,2000,TRUE,2010;2020
18135,2000,TRUE,2010;2020
29135,2000,TRUE,2010;2020
37135,2000,TRUE,2010;2020
48135,2000,TRUE,2010;2020
51135,2000,TRUE,2010;2020
05137,2000,TRUE,2010;2020
13137,2000,TRUE,2010;2020
18137,2000,TRUE,2010;2020
19137,2000,TRUE,2010;2020
21137,2000,TRUE,2010;2020
27137,2000,TRUE,2010;2020
13139,2000,TRUE,2010;2020
17139,2000,TRUE,2010;2020
19139,2000,TRUE,2010;2020
29139,2000,TRUE,2010;2020
39139,2000,TRUE,2010;2020
40139,2000,TRUE,2010;2020
48139,2000,TRUE,2010;2020
51139,2000,TRUE,2010;2020
18141,2000,TRUE,2010;2020
27141,2000,TRUE,2010;2020
37141,2000,TRUE,2010;2020
39141,2000,TRUE,2010;2020
48141,2000,TRUE,2010;2020
55141,2000,TRUE,2010;2020
05143,2000,TRUE,2010;2020
17143,2000,TRUE,2010;2020
29143,2000,TRUE,2010;2020
39143,2000,TRUE,2010;2020
40143,2000,TRUE,2010;2020
21145,2000,TRUE,2010;2020
26145,2000,TRUE,2010;2020
37145,2000,TRUE,2010;2020
40145,2000,TRUE,2010;2020
48145,2000,TRUE,2010;2020
37147,2000,TRUE,2010;2020
47147,2000,TRUE,2010;2020
20149,2000,TRUE,2010;2020
18151,2000,TRUE,2010;2020
37151,2000,TRUE,2010;2020
39151,2000,TRUE,2010;2020
18153,2000,TRUE,2010;2020
19153,2000,TRUE,2010;2020
31153,2000,TRUE,2010;2020
39153,2000,TRUE,2010;2020
48153,2000,TRUE,2010;2020
19155,2000,TRUE,2010;2020
20155,2000,TRUE,2010;2020
37155,2000,TRUE,2010;2020
39155,2000,TRUE,2010;2020
47155,2000,TRUE,2010;2020
13157,2000,TRUE,2010;2020
18157,2000,TRUE,2010;2020
26157,2000,TRUE,2010;2020
39157,2000,TRUE,2010;2020
47157,2000,TRUE,2010;2020
48157,2000,TRUE,2010;2020
26159,2000,TRUE,2010;2020
37159,2000,TRUE,2010;2020
19161,2000,TRUE,2010;2020
26161,2000,TRUE,2010;2020
28161,2000,TRUE,2010;2020
51161,2000,TRUE,2010;2020
17163,2000,TRUE,2010;2020
18163,2000,TRUE,2010;2020
19163,2000,TRUE,2010;2020
26163,2000,TRUE,2010;2020
37163,2000,TRUE,2010;2020
47163,2000,TRUE,2010;2020
51165,2000,TRUE,2010;2020
17167,2000,TRUE,2010;2020
18167,2000,TRUE,2010;2020
48167,2000,TRUE,2010;2020
18169,2000,TRUE,2010;2020
19169,2000,TRUE,2010;2020
37169,2000,TRUE,2010;2020
20171,2000,TRUE,2010;2020
39171,2000,TRUE,2010;2020
17173,2000,TRUE,2010;2020
18173,2000,TRUE,2010;2020
20173,2000,TRUE,2010;2020
18177,2000,TRUE,2010;2020
19177,2000,TRUE,2010;2020
20177,2000,TRUE,2010;2020
17179,2000,TRUE,2010;2020
18179,2000,TRUE,2010;2020
47179,2000,TRUE,2010;2020
48181,2000,TRUE,2010;2020
51181,2000,TRUE,2010;2020
17183,2000,TRUE,2010;2020
18183,2000,TRUE,2010;2020
29183,2000,TRUE,2010;2020
37183,2000,TRUE,2010;2020
48183,2000,TRUE,2010;2020
47185,2000,TRUE,2010;2020
47187,2000,TRUE,2010;2020
48187,2000,TRUE,2010;2020
29189,2000,TRUE,2010;2020
37189,2000,TRUE,2010;2020
37191,2000,TRUE,2010;2020
37193,2000,TRUE,2010;2020
17195,2000,TRUE,2010;2020
21195,2000,TRUE,2010;2020
29195,2000,TRUE,2010;2020
17199,2000,TRUE,2010;2020
21199,2000,TRUE,2010;2020
48199,2000,TRUE,2010;2020
51199,2000,TRUE,2010;2020
17201,2000,TRUE,2010;2020
48201,2000,TRUE,2010;2020
20209,2000,TRUE,2010;2020
21209,2000,TRUE,2010;2020
29213,2000,TRUE,2010;2020
13215,2000,TRUE,2010;2020
48215,2000,TRUE,2010;2020
13219,2000,TRUE,2010;2020
29221,2000,TRUE,2010;2020
48221,2000,TRUE,2010;2020
13227,2000,TRUE,2010;2020
21227,2000,TRUE,2010;2020
29229,2000,TRUE,2010;2020
48231,2000,TRUE,2010;2020
13233,2000,TRUE,2010;2020
21233,2000,TRUE,2010;2020
48241,2000,TRUE,2010;2020
13245,2000,TRUE,2010;2020
48245,2000,TRUE,2010;2020
13251,2000,TRUE,2010;2020
48253,2000,TRUE,2010;2020
13257,2000,TRUE,2010;2020
13263,2000,TRUE,2010;2020
48265,2000,TRUE,2010;2020
13275,2000,TRUE,2010;2020
48277,2000,TRUE,2010;2020
13281,2000,TRUE,2010;2020
13289,2000,TRUE,2010;2020
48291,2000,TRUE,2010;2020
13297,2000,TRUE,2010;2020
13301,2000,TRUE,2010;2020
48303,2000,TRUE,2010;2020
13305,2000,TRUE,2010;2020
48309,2000,TRUE,2010;2020
13315,2000,TRUE,2010;2020
48321,2000,TRUE,2010;2020
48323,2000,TRUE,2010;2020
48339,2000,TRUE,2010;2020
48347,2000,TRUE,2010;2020
48349,2000,TRUE,2010;2020
48355,2000,TRUE,2010;2020
48361,2000,TRUE,2010;2020
48367,2000,TRUE,2010;2020
48375,2000,TRUE,2010;2020
48381,2000,TRUE,2010;2020
48401,2000,TRUE,2010;2020
48411,2000,TRUE,2010;2020
48417,2000,TRUE,2010;2020
48423,2000,TRUE,2010;2020
48427,2000,TRUE,2010;2020
48439,2000,TRUE,2010;2020
48445,2000,TRUE,2010;2020
48449,2000,TRUE,2010;2020
48451,2000,TRUE,2010;2020
48453,2000,TRUE,2010;2020
48457,2000,TRUE,2010;2020
48459,2000,TRUE,2010;2020
48465,2000,TRUE,2010;2020
48473,2000,TRUE,2010;2020
48479,2000,TRUE,2010;2020
48485,2000,TRUE,2010;2020
24510,2000,TRUE,2010;2020
29510,2000,TRUE,2010;2020
51510,2000,TRUE,2010;2020
51515,2000,TRUE,2010
51540,2000,TRUE,2010;2020
51550,2000,TRUE,2010;2020
51590,2000,TRUE,2010;2020
51660,2000,TRUE,2010;2020
51700,2000,TRUE,2010;2020
51710,2000,TRUE,2010;2020
51740,2000,TRUE,2010;2020
51760,2000,TRUE,2010;2020
51800,2000,TRUE,2010;2020
51810,2000,TRUE,2010;2020
06001,2010,TRUE,2000;2020
09001,2010,TRUE,2000;2020
10001,2010,TRUE,2000;2020
11001,2010,TRUE,2000;2020
12001,2010,TRUE,2000;2020
15001,2010,FALSE,NA
16001,2010,TRUE,2000;2020
17001,2010,TRUE,2000;2020
23001,2010,TRUE,2000;2020
25001,2010,TRUE,2000;2020
28001,2010,TRUE,2000;2020
29001,2010,TRUE,2000;2020
34001,2010,TRUE,2000;2020
35001,2010,TRUE,2000;2020
36001,2010,TRUE,2000;2020
37001,2010,TRUE,2000;2020
44001,2010,TRUE,2000;2020
47001,2010,TRUE,2000;2020
51001,2010,TRUE,2000;2020
01003,2010,TRUE,2000;2020
04003,2010,TRUE,2000;2020
05003,2010,TRUE,2000;2020
09003,2010,TRUE,2000;2020
10003,2010,TRUE,2000;2020
15003,2010,FALSE,NA
18003,2010,TRUE,2000;2020
23003,2010,TRUE,2000;2020
24003,2010,TRUE,2000;2020
27003,2010,TRUE,2000;2020
32003,2010,TRUE,2000;2020
34003,2010,TRUE,2000;2020
37003,2010,TRUE,2000;2020
39003,2010,TRUE,2000;2020
42003,2010,TRUE,2000;2020
45003,2010,TRUE,2000;2020
46003,2010,TRUE,2000;2020
54003,2010,TRUE,2000;2020
04005,2010,TRUE,2000;2020
05005,2010,TRUE,2000;2020
08005,2010,TRUE,2000;2020
09005,2010,TRUE,2000;2020
10005,2010,TRUE,2000;2020
12005,2010,TRUE,2000;2020
13005,2010,TRUE,2000;2020
18005,2010,TRUE,2000;2020
21005,2010,TRUE,2000;2020
24005,2010,TRUE,2000;2020
25005,2010,TRUE,2000;2020
26005,2010,TRUE,2000;2020
27005,2010,TRUE,2000;2020
34005,2010,TRUE,2000;2020
36005,2010,TRUE,2000;2020
39005,2010,TRUE,2000;2020
41005,2010,TRUE,2000;2020
42005,2010,TRUE,2000;2020
44005,2010,TRUE,2000;2020
48005,2010,TRUE,2000;2020
55005,2010,TRUE,2000;2020
01007,2010,TRUE,2000;2020
04007,2010,TRUE,2000;2020
05007,2010,TRUE,2000;2020
06007,2010,TRUE,2000;2020
15007,2010,FALSE,NA
23007,2010,TRUE,2000;2020
34007,2010,TRUE,2000;2020
36007,2010,TRUE,2000;2020
39007,2010,TRUE,2000;2020
44007,2010,TRUE,2000;2020
45007,2010,TRUE,2000;2020
50007,2010,TRUE,2000;2020
05009,2010,TRUE,2000;2020
09009,2010,TRUE,2000;2020
12009,2010,TRUE,2000;2020
15009,2010,FALSE,NA
21009,2010,TRUE,2000;2020
23009,2010,TRUE,2000;2020
25009,2010,TRUE,2000;2020
34009,2010,TRUE,2000;2020
36009,2010,TRUE,2000;2020
37009,2010,TRUE,2000;2020
41009,2010,TRUE,2000;2020
44009,2010,TRUE,2000;2020
51009,2010,TRUE,2000;2020
55009,2010,TRUE,2000;2020
09011,2010,TRUE,2000;2020
12011,2010,TRUE,2000;2020
17011,2010,TRUE,2000;2020
18011,2010,TRUE,2000;2020
23011,2010,TRUE,2000;2020
24011,2010,TRUE,2000;2020
33011,2010,TRUE,2000;2020
41011,2010,TRUE,2000;2020
53011,2010,TRUE,2000;2020
54011,2010,TRUE,2000;2020
04013,2010,TRUE,2000;2020
06013,2010,TRUE,2000;2020
08013,2010,TRUE,2000;2020
13013,2010,TRUE,2000;2020
24013,2010,TRUE,2000;2020
25013,2010,TRUE,2000;2020
33013,2010,TRUE,2000;2020
34013,2010,TRUE,2000;2020
35013,2010,TRUE,2000;2020
36013,2010,TRUE,2000;2020
39013,2010,TRUE,2000;2020
42013,2010,TRUE,2000;2020
22015,2010,TRUE,2000;2020
28015,2010,TRUE,2000;2020
33015,2010,TRUE,2000;2020
34015,2010,TRUE,2000;2020
36015,2010,TRUE,2000;2020
53015,2010,TRUE,2000;2020
05017,2010,TRUE,2000;2020
06017,2010,TRUE,2000;2020
18017,2010,TRUE,2000;2020
22017,2010,TRUE,2000;2020
25017,2010,TRUE,2000;2020
26017,2010,TRUE,2000;2020
31017,2010,TRUE,2000;2020
34017,2010,TRUE,2000;2020
37017,2010,TRUE,2000;2020
38017,2010,TRUE,2000;2020
39017,2010,TRUE,2000;2020
41017,2010,TRUE,2000;2020
42017,2010,TRUE,2000;2020
45017,2010,TRUE,2000;2020
47017,2010,TRUE,2000;2020
04019,2010,TRUE,2000;2020
06019,2010,TRUE,2000;2020
13019,2010,TRUE,2000;2020
16019,2010,TRUE,2000;2020
17019,2010,TRUE,2000;2020
18019,2010,TRUE,2000;2020
22019,2010,TRUE,2000;2020
23019,2010,TRUE,2000;2020
24019,2010,TRUE,2000;2020
29019,2010,TRUE,2000;2020
36019,2010,TRUE,2000;2020
37019,2010,TRUE,2000;2020
40019,2010,TRUE,2000;2020
45019,2010,TRUE,2000;2020
02020,2010,FALSE,NA
01021,2010,TRUE,2000;2020
12021,2010,TRUE,2000;2020
13021,2010,TRUE,2000;2020
19021,2010,TRUE,2000;2020
20021,2010,TRUE,2000;2020
21021,2010,TRUE,2000;2020
24021,2010,TRUE,2000;2020
25021,2010,TRUE,2000;2020
26021,2010,TRUE,2000;2020
34021,2010,TRUE,2000;2020
40021,2010,TRUE,2000;2020
42021,2010,TRUE,2000;2020
45021,2010,TRUE,2000;2020
48021,2010,TRUE,2000;2020
55021,2010,TRUE,2000;2020
56021,2010,TRUE,2000;2020
05023,2010,TRUE,2000;2020
06023,2010,TRUE,2000;2020
12023,2010,TRUE,2000;2020
18023,2010,TRUE,2000;2020
25023,2010,TRUE,2000;2020
34023,2010,TRUE,2000;2020
37023,2010,TRUE,2000;2020
39023,2010,TRUE,2000;2020
48023,2010,TRUE,2000;2020
50023,2010,TRUE,2000;2020
01025,2010,TRUE,2000;2020
06025,2010,TRUE,2000;2020
24025,2010,TRUE,2000;2020
25025,2010,TRUE,2000;2020
26025,2010,TRUE,2000;2020
34025,2010,TRUE,2000;2020
50025,2010,TRUE,2000;2020
53025,2010,TRUE,2000;2020
55025,2010,TRUE,2000;2020
72025,2010,FALSE,NA
13027,2010,TRUE,2000;2020
25027,2010,TRUE,2000;2020
27027,2010,TRUE,2000;2020
34027,2010,TRUE,2000;2020
37027,2010,TRUE,2000;2020
38027,2010,TRUE,2000;2020
41027,2010,TRUE,2000;2020
42027,2010,TRUE,2000;2020
06029,2010,TRUE,2000;2020
08029,2010,TRUE,2000;2020
17029,2010,TRUE,2000;2020
19029,2010,TRUE,2000;2020
22029,2010,TRUE,2000;2020
36029,2010,TRUE,2000;2020
39029,2010,TRUE,2000;2020
41029,2010,TRUE,2000;2020
42029,2010,TRUE,2000;2020
47029,2010,TRUE,2000;2020
48029,2010,TRUE,2000;2020
53029,2010,TRUE,2000;2020
56029,2010,TRUE,2000;2020
01031,2010,TRUE,2000;2020
08031,2010,TRUE,2000;2020
12031,2010,TRUE,2000;2020
17031,2010,TRUE,2000;2020
18031,2010,TRUE,2000;2020
23031,2010,TRUE,2000;2020
24031,2010,TRUE,2000;2020
29031,2010,TRUE,2000;2020
32031,2010,TRUE,2000;2020
34031,2010,TRUE,2000;2020
40031,2010,TRUE,2000;2020
72031,2010,FALSE,NA
01033,2010,TRUE,2000;2020
12033,2010,TRUE,2000;2020
22033,2010,TRUE,2000;2020
24033,2010,TRUE,2000;2020
28033,2010,TRUE,2000;2020
29033,2010,TRUE,2000;2020
39033,2010,TRUE,2000;2020
42033,2010,TRUE,2000;2020
53033,2010,TRUE,2000;2020
05035,2010,TRUE,2000;2020
06035,2010,TRUE,2000;2020
24035,2010,TRUE,2000;2020
27035,2010,TRUE,2000;2020
34035,2010,TRUE,2000;2020
37035,2010,TRUE,2000;2020
39035,2010,TRUE,2000;2020
48035,2010,TRUE,2000;2020
49035,2010,TRUE,2000;2020
53035,2010,TRUE,2000;2020
72035,2010,FALSE,NA
06037,2010,TRUE,2000;2020
20037,2010,TRUE,2000;2020
21037,2010,TRUE,2000;2020
24037,2010,TRUE,2000;2020
26037,2010,TRUE,2000;2020
27037,2010,TRUE,2000;2020
28037,2010,TRUE,2000;2020
34037,2010,TRUE,2000;2020
35037,2010,TRUE,2000;2020
37037,2010,TRUE,2000;2020
40037,2010,TRUE,2000;2020
47037,2010,TRUE,2000;2020
48037,2010,TRUE,2000;2020
01039,2010,TRUE,2000;2020
06039,2010,TRUE,2000;2020
16039,2010,TRUE,2000;2020
18039,2010,TRUE,2000;2020
29039,2010,TRUE,2000;2020
34039,2010,TRUE,2000;2020
36039,2010,TRUE,2000;2020
37039,2010,TRUE,2000;2020
41039,2010,TRUE,2000;2020
54039,2010,TRUE,2000;2020
55039,2010,TRUE,2000;2020
01041,2010,TRUE,2000;2020
06041,2010,TRUE,2000;2020
08041,2010,TRUE,2000;2020
18041,2010,TRUE,2000;2020
19041,2010,TRUE,2000;2020
22041,2010,TRUE,2000;2020
39041,2010,TRUE,2000;2020
45041,2010,TRUE,2000;2020
48041,2010,TRUE,2000;2020
51041,2010,TRUE,2000;2020
16043,2010,TRUE,2000;2020
17043,2010,TRUE,2000;2020
28043,2010,TRUE,2000;2020
29043,2010,TRUE,2000;2020
37043,2010,TRUE,2000;2020
39043,2010,TRUE,2000;2020
42043,2010,TRUE,2000;2020
45043,2010,TRUE,2000;2020
55043,2010,TRUE,2000;2020
05045,2010,TRUE,2000;2020
18045,2010,TRUE,2000;2020
20045,2010,TRUE,2000;2020
24045,2010,TRUE,2000;2020
26045,2010,TRUE,2000;2020
31045,2010,TRUE,2000;2020
35045,2010,TRUE,2000;2020
36045,2010,TRUE,2000;2020
37045,2010,TRUE,2000;2020
39045,2010,TRUE,2000;2020
42045,2010,TRUE,2000;2020
45045,2010,TRUE,2000;2020
49045,2010,TRUE,2000;2020
56045,2010,TRUE,2000;2020
01047,2010,TRUE,2000;2020
06047,2010,TRUE,2000;2020
13047,2010,TRUE,2000;2020
22047,2010,TRUE,2000;2020
29047,2010,TRUE,2000;2020
36047,2010,TRUE,2000;2020
45047,2010,TRUE,2000;2020
48047,2010,TRUE,2000;2020
49047,2010,TRUE,2000;2020
17049,2010,TRUE,2000;2020
18049,2010,TRUE,2000;2020
27049,2010,TRUE,2000;2020
28049,2010,TRUE,2000;2020
30049,2010,TRUE,2000;2020
35049,2010,TRUE,2000;2020
37049,2010,TRUE,2000;2020
39049,2010,TRUE,2000;2020
42049,2010,TRUE,2000;2020
49049,2010,TRUE,2000;2020
54049,2010,TRUE,2000;2020
01051,2010,TRUE,2000;2020
05051,2010,TRUE,2000;2020
13051,2010,TRUE,2000;2020
29051,2010,TRUE,2000;2020
35051,2010,TRUE,2000;2020
36051,2010,TRUE,2000;2020
37051,2010,TRUE,2000;2020
41051,2010,TRUE,2000;2020
45051,2010,TRUE,2000;2020
54051,2010,TRUE,2000;2020
01053,2010,TRUE,2000;2020
06053,2010,TRUE,2000;2020
16053,2010,TRUE,2000;2020
18053,2010,TRUE,2000;2020
26053,2010,TRUE,2000;2020
27053,2010,TRUE,2000;2020
30053,2010,TRUE,2000;2020
31053,2010,TRUE,2000;2020
45053,2010,TRUE,2000;2020
48053,2010,TRUE,2000;2020
49053,2010,TRUE,2000;2020
53053,2010,TRUE,2000;2020
01055,2010,TRUE,2000;2020
12055,2010,TRUE,2000;2020
16055,2010,TRUE,2000;2020
31055,2010,TRUE,2000;2020
36055,2010,TRUE,2000;2020
42055,2010,TRUE,2000;2020
45055,2010,TRUE,2000;2020
55055,2010,TRUE,2000;2020
12057,2010,TRUE,2000;2020
16057,2010,TRUE,2000;2020
18057,2010,TRUE,2000;2020
19057,2010,TRUE,2000;2020
20057,2010,TRUE,2000;2020
37057,2010,TRUE,2000;2020
39057,2010,TRUE,2000;2020
49057,2010,TRUE,2000;2020
55057,2010,TRUE,2000;2020
06059,2010,TRUE,2000;2020
08059,2010,TRUE,2000;2020
13059,2010,TRUE,2000;2020
36059,2010,TRUE,2000;2020
37059,2010,TRUE,2000;2020
41059,2010,TRUE,2000;2020
45059,2010,TRUE,2000;2020
51059,2010,TRUE,2000;2020
54059,2010,TRUE,2000;2020
55059,2010,TRUE,2000;2020
19061,2010,TRUE,2000;2020
22061,2010,TRUE,2000;2020
36061,2010,TRUE,2000;2020
39061,2010,TRUE,2000;2020
42061,2010,TRUE,2000;2020
48061,2010,TRUE,2000;2020
51061,2010,TRUE,2000;2020
53061,2010,TRUE,2000;2020
54061,2010,TRUE,2000;2020
12063,2010,TRUE,2000;2020
13063,2010,TRUE,2000;2020
18063,2010,TRUE,2000;2020
36063,2010,TRUE,2000;2020
37063,2010,TRUE,2000;2020
53063,2010,TRUE,2000;2020
55063,2010,TRUE,2000;2020
06065,2010,TRUE,2000;2020
18065,2010,TRUE,2000;2020
26065,2010,TRUE,2000;2020
36065,2010,TRUE,2000;2020
37065,2010,TRUE,2000;2020
47065,2010,TRUE,2000;2020
06067,2010,TRUE,2000;2020
13067,2010,TRUE,2000;2020
16067,2010,TRUE,2000;2020
18067,2010,TRUE,2000;2020
21067,2010,TRUE,2000;2020
22067,2010,TRUE,2000;2020
27067,2010,TRUE,2000;2020
36067,2010,TRUE,2000;2020
37067,2010,TRUE,2000;2020
40067,2010,TRUE,2000;2020
41067,2010,TRUE,2000;2020
45067,2010,TRUE,2000;2020
48067,2010,TRUE,2000;2020
53067,2010,TRUE,2000;2020
05069,2010,TRUE,2000;2020
06069,2010,TRUE,2000;2020
12069,2010,TRUE,2000;2020
22069,2010,TRUE,2000;2020
29069,2010,TRUE,2000;2020
37069,2010,TRUE,2000;2020
42069,2010,TRUE,2000;2020
55069,2010,TRUE,2000;2020
06071,2010,TRUE,2000;2020
12071,2010,TRUE,2000;2020
22071,2010,TRUE,2000;2020
29071,2010,TRUE,2000;2020
36071,2010,TRUE,2000;2020
37071,2010,TRUE,2000;2020
39071,2010,TRUE,2000;2020
41071,2010,TRUE,2000;2020
42071,2010,TRUE,2000;2020
55071,2010,TRUE,2000;2020
01073,2010,TRUE,2000;2020
05073,2010,TRUE,2000;2020
06073,2010,TRUE,2000;2020
12073,2010,TRUE,2000;2020
17073,2010,TRUE,2000;2020
21073,2010,TRUE,2000;2020
22073,2010,TRUE,2000;2020
27073,2010,TRUE,2000;2020
39073,2010,TRUE,2000;2020
40073,2010,TRUE,2000;2020
42073,2010,TRUE,2000;2020
47073,2010,TRUE,2000;2020
53073,2010,TRUE,2000;2020
55073,2010,TRUE,2000;2020
01075,2010,TRUE,2000;2020
05075,2010,TRUE,2000;2020
06075,2010,TRUE,2000;2020
12075,2010,TRUE,2000;2020
26075,2010,TRUE,2000;2020
28075,2010,TRUE,2000;2020
42075,2010,TRUE,2000;2020
45075,2010,TRUE,2000;2020
48075,2010,TRUE,2000;2020
06077,2010,TRUE,2000;2020
13077,2010,TRUE,2000;2020
18077,2010,TRUE,2000;2020
29077,2010,TRUE,2000;2020
39077,2010,TRUE,2000;2020
42077,2010,TRUE,2000;2020
53077,2010,TRUE,2000;2020
20079,2010,TRUE,2000;2020
22079,2010,TRUE,2000;2020
28079,2010,TRUE,2000;2020
31079,2010,TRUE,2000;2020
36079,2010,TRUE,2000;2020
42079,2010,TRUE,2000;2020
45079,2010,TRUE,2000;2020
51079,2010,TRUE,2000;2020
54079,2010,TRUE,2000;2020
55079,2010,TRUE,2000;2020
01081,2010,TRUE,2000;2020
05081,2010,TRUE,2000;2020
06081,2010,TRUE,2000;2020
19081,2010,TRUE,2000;2020
26081,2010,TRUE,2000;2020
36081,2010,TRUE,2000;2020
37081,2010,TRUE,2000;2020
42081,2010,TRUE,2000;2020
01083,2010,TRUE,2000;2020
06083,2010,TRUE,2000;2020
12083,2010,TRUE,2000;2020
16083,2010,TRUE,2000;2020
18083,2010,TRUE,2000;2020
22083,2010,TRUE,2000;2020
36083,2010,TRUE,2000;2020
37083,2010,TRUE,2000;2020
45083,2010,TRUE,2000;2020
48083,2010,TRUE,2000;2020
05085,2010,TRUE,2000;2020
06085,2010,TRUE,2000;2020
17085,2010,TRUE,2000;2020
27085,2010,TRUE,2000;2020
36085,2010,TRUE,2000;2020
39085,2010,TRUE,2000;2020
42085,2010,TRUE,2000;2020
45085,2010,TRUE,2000;2020
48085,2010,TRUE,2000;2020
12086,2010,TRUE,2000;2020
01087,2010,TRUE,2000;2020
36087,2010,TRUE,2000;2020
42087,2010,TRUE,2000;2020
45087,2010,TRUE,2000;2020
51087,2010,TRUE,2000;2020
55087,2010,TRUE,2000;2020
01089,2010,TRUE,2000;2020
12089,2010,TRUE,2000;2020
13089,2010,TRUE,2000;2020
17089,2010,TRUE,2000;2020
18089,2010,TRUE,2000;2020
21089,2010,TRUE,2000;2020
28089,2010,TRUE,2000;2020
31089,2010,TRUE,2000;2020
36089,2010,TRUE,2000;2020
39089,2010,TRUE,2000;2020
55089,2010,TRUE,2000;2020
02090,2010,FALSE,NA
05091,2010,TRUE,2000;2020
13091,2010,TRUE,2000;2020
17091,2010,TRUE,2000;2020
20091,2010,TRUE,2000;2020
26091,2010,TRUE,2000;2020
28091,2010,TRUE,2000;2020
36091,2010,TRUE,2000;2020
39091,2010,TRUE,2000;2020
42091,2010,TRUE,2000;2020
45091,2010,TRUE,2000;2020
21093,2010,TRUE,2000;2020
36093,2010,TRUE,2000;2020
39093,2010,TRUE,2000;2020
47093,2010,TRUE,2000;2020
01095,2010,TRUE,2000;2020
06095,2010,TRUE,2000;2020
12095,2010,TRUE,2000;2020
13095,2010,TRUE,2000;2020
18095,2010,TRUE,2000;2020
22095,2010,TRUE,2000;2020
29095,2010,TRUE,2000;2020
39095,2010,TRUE,2000;2020
42095,2010,TRUE,2000;2020
01097,2010,TRUE,2000;2020
12097,2010,TRUE,2000;2020
13097,2010,TRUE,2000;2020
17097,2010,TRUE,2000;2020
18097,2010,TRUE,2000;2020
22097,2010,TRUE,2000;2020
28097,2010,TRUE,2000;2020
37097,2010,TRUE,2000;2020
42097,2010,TRUE,2000;2020
47097,2010,TRUE,2000;2020
06099,2010,TRUE,2000;2020
12099,2010,TRUE,2000;2020
13099,2010,TRUE,2000;2020
17099,2010,TRUE,2000;2020
26099,2010,TRUE,2000;2020
29099,2010,TRUE,2000;2020
39099,2010,TRUE,2000;2020
42099,2010,TRUE,2000;2020
55099,2010,TRUE,2000;2020
01101,2010,TRUE,2000;2020
17101,2010,TRUE,2000;2020
19101,2010,TRUE,2000;2020
27101,2010,TRUE,2000;2020
36101,2010,TRUE,2000;2020
38101,2010,TRUE,2000;2020
40101,2010,TRUE,2000;2020
42101,2010,TRUE,2000;2020
55101,2010,TRUE,2000;2020
01103,2010,TRUE,2000;2020
12103,2010,TRUE,2000;2020
13103,2010,TRUE,2000;2020
18103,2010,TRUE,2000;2020
20103,2010,TRUE,2000;2020
22103,2010,TRUE,2000;2020
36103,2010,TRUE,2000;2020
46103,2010,TRUE,2000;2020
72103,2010,FALSE,NA
05105,2010,TRUE,2000;2020
08105,2010,TRUE,2000;2020
18105,2010,TRUE,2000;2020
22105,2010,TRUE,2000;2020
27105,2010,TRUE,2000;2020
28105,2010,TRUE,2000;2020
55105,2010,TRUE,2000;2020
01107,2010,TRUE,2000;2020
06107,2010,TRUE,2000;2020
28107,2010,TRUE,2000;2020
29107,2010,TRUE,2000;2020
47107,2010,TRUE,2000;2020
48107,2010,TRUE,2000;2020
51107,2010,TRUE,2000;2020
54107,2010,TRUE,2000;2020
28109,2010,TRUE,2000;2020
31109,2010,TRUE,2000;2020
39109,2010,TRUE,2000;2020
40109,2010,TRUE,2000;2020
55109,2010,TRUE,2000;2020
02110,2010,FALSE,NA
05111,2010,TRUE,2000;2020
06111,2010,TRUE,2000;2020
12111,2010,TRUE,2000;2020
13111,2010,TRUE,2000;2020
17111,2010,TRUE,2000;2020
19111,2010,TRUE,2000;2020
21111,2010,TRUE,2000;2020
27111,2010,TRUE,2000;2020
30111,2010,TRUE,2000;2020
31111,2010,TRUE,2000;2020
37111,2010,TRUE,2000;2020
40111,2010,TRUE,2000;2020
55111,2010,TRUE,2000;2020
06113,2010,TRUE,2000;2020
12113,2010,TRUE,2000;2020
17113,2010,TRUE,2000;2020
18113,2010,TRUE,2000;2020
21113,2010,TRUE,2000;2020
22113,2010,TRUE,2000;2020
39113,2010,TRUE,2000;2020
48113,2010,TRUE,2000;2020
05115,2010,TRUE,2000;2020
17115,2010,TRUE,2000;2020
26115,2010,TRUE,2000;2020
36115,2010,TRUE,2000;2020
47115,2010,TRUE,2000;2020
55115,2010,TRUE,2000;2020
01117,2010,TRUE,2000;2020
12117,2010,TRUE,2000;2020
17117,2010,TRUE,2000;2020
21117,2010,TRUE,2000;2020
26117,2010,TRUE,2000;2020
42117,2010,TRUE,2000;2020
55117,2010,TRUE,2000;2020
01119,2010,TRUE,2000;2020
05119,2010,TRUE,2000;2020
12119,2010,TRUE,2000;2020
17119,2010,TRUE,2000;2020
22119,2010,TRUE,2000;2020
27119,2010,TRUE,2000;2020
36119,2010,TRUE,2000;2020
37119,2010,TRUE,2000;2020
39119,2010,TRUE,2000;2020
47119,2010,TRUE,2000;2020
01121,2010,TRUE,2000;2020
13121,2010,TRUE,2000;2020
26121,2010,TRUE,2000;2020
48121,2010,TRUE,2000;2020
02122,2010,FALSE,NA
01123,2010,TRUE,2000;2020
08123,2010,TRUE,2000;2020
20123,2010,TRUE,2000;2020
21123,2010,TRUE,2000;2020
27123,2010,TRUE,2000;2020
28123,2010,TRUE,2000;2020
55123,2010,TRUE,2000;2020
01125,2010,TRUE,2000;2020
21125,2010,TRUE,2000;2020
26125,2010,TRUE,2000;2020
46125,2010,TRUE,2000;2020
47125,2010,TRUE,2000;2020
01127,2010,TRUE,2000;2020
12127,2010,TRUE,2000;2020
13127,2010,TRUE,2000;2020
17127,2010,TRUE,2000;2020
18127,2010,TRUE,2000;2020
19127,2010,TRUE,2000;2020
37127,2010,TRUE,2000;2020
39127,2010,TRUE,2000;2020
55127,2010,TRUE,2000;2020
72127,2010,FALSE,NA
37129,2010,TRUE,2000;2020
42129,2010,TRUE,2000;2020
55129,2010,TRUE,2000;2020
72129,2010,FALSE,NA
05131,2010,TRUE,2000;2020
12131,2010,TRUE,2000;2020
18131,2010,TRUE,2000;2020
12133,2010,TRUE,2000;2020
17133,2010,TRUE,2000;2020
29133,2010,TRUE,2000;2020
37133,2010,TRUE,2000;2020
39133,2010,TRUE,2000;2020
42133,2010,TRUE,2000;2020
55133,2010,TRUE,2000;2020
13135,2010,TRUE,2000;2020
18135,2010,TRUE,2000;2020
29135,2010,TRUE,2000;2020
37135,2010,TRUE,2000;2020
48135,2010,TRUE,2000;2020
51135,2010,TRUE,2000;2020
05137,2010,TRUE,2000;2020
13137,2010,TRUE,2000;2020
18137,2010,TRUE,2000;2020
19137,2010,TRUE,2000;2020
21137,2010,TRUE,2000;2020
27137,2010,TRUE,2000;2020
13139,2010,TRUE,2000;2020
17139,2010,TRUE,2000;2020
19139,2010,TRUE,2000;2020
29139,2010,TRUE,2000;2020
39139,2010,TRUE,2000;2020
40139,2010,TRUE,2000;2020
48139,2010,TRUE,2000;2020
51139,2010,TRUE,2000;2020
18141,2010,TRUE,2000;2020
27141,2010,TRUE,2000;2020
37141,2010,TRUE,2000;2020
39141,2010,TRUE,2000;2020
48141,2010,TRUE,2000;2020
55141,2010,TRUE,2000;2020
05143,2010,TRUE,2000;2020
17143,2010,TRUE,2000;2020
29143,2010,TRUE,2000;2020
39143,2010,TRUE,2000;2020
40143,2010,TRUE,2000;2020
21145,2010,TRUE,2000;2020
26145,2010,TRUE,2000;2020
37145,2010,TRUE,2000;2020
40145,2010,TRUE,2000;2020
48145,2010,TRUE,2000;2020
37147,2010,TRUE,2000;2020
47147,2010,TRUE,2000;2020
20149,2010,TRUE,2000;2020
18151,2010,TRUE,2000;2020
37151,2010,TRUE,2000;2020
39151,2010,TRUE,2000;2020
18153,2010,TRUE,2000;2020
19153,2010,TRUE,2000;2020
31153,2010,TRUE,2000;2020
39153,2010,TRUE,2000;2020
48153,2010,TRUE,2000;2020
19155,2010,TRUE,2000;2020
20155,2010,TRUE,2000;2020
37155,2010,TRUE,2000;2020
39155,2010,TRUE,2000;2020
47155,2010,TRUE,2000;2020
13157,2010,TRUE,2000;2020
18157,2010,TRUE,2000;2020
26157,2010,TRUE,2000;2020
39157,2010,TRUE,2000;2020
47157,2010,TRUE,2000;2020
48157,2010,TRUE,2000;2020
26159,2010,TRUE,2000;2020
37159,2010,TRUE,2000;2020
19161,2010,TRUE,2000;2020
26161,2010,TRUE,2000;2020
28161,2010,TRUE,2000;2020
51161,2010,TRUE,2000;2020
17163,2010,TRUE,2000;2020
18163,2010,TRUE,2000;2020
19163,2010,TRUE,2000;2020
26163,2010,TRUE,2000;2020
37163,2010,TRUE,2000;2020
47163,2010,TRUE,2000;2020
51165,2010,TRUE,2000;2020
17167,2010,TRUE,2000;2020
18167,2010,TRUE,2000;2020
48167,2010,TRUE,2000;2020
18169,2010,TRUE,2000;2020
19169,2010,TRUE,2000;2020
37169,2010,TRUE,2000;2020
20171,2010,TRUE,2000;2020
39171,2010,TRUE,2000;2020
17173,2010,TRUE,2000;2020
18173,2010,TRUE,2000;2020
20173,2010,TRUE,2000;2020
18177,2010,TRUE,2000;2020
19177,2010,TRUE,2000;2020
20177,2010,TRUE,2000;2020
17179,2010,TRUE,2000;2020
18179,2010,TRUE,2000;2020
47179,2010,TRUE,2000;2020
48181,2010,TRUE,2000;2020
51181,2010,TRUE,2000;2020
17183,2010,TRUE,2000;2020
18183,2010,TRUE,2000;2020
29183,2010,TRUE,2000;2020
37183,2010,TRUE,2000;2020
48183,2010,TRUE,2000;2020
47185,2010,TRUE,2000;2020
47187,2010,TRUE,2000;2020
48187,2010,TRUE,2000;2020
29189,2010,TRUE,2000;2020
37189,2010,TRUE,2000;2020
37191,2010,TRUE,2000;2020
37193,2010,TRUE,2000;2020
17195,2010,TRUE,2000;2020
21195,2010,TRUE,2000;2020
29195,2010,TRUE,2000;2020
17199,2010,TRUE,2000;2020
21199,2010,TRUE,2000;2020
48199,2010,TRUE,2000;2020
51199,2010,TRUE,2000;2020
17201,2010,TRUE,2000;2020
48201,2010,TRUE,2000;2020
20209,2010,TRUE,2000;2020
21209,2010,TRUE,2000;2020
29213,2010,TRUE,2000;2020
13215,2010,TRUE,2000;2020
48215,2010,TRUE,2000;2020
13219,2010,TRUE,2000;2020
29221,2010,TRUE,2000;2020
48221,2010,TRUE,2000;2020
13227,2010,TRUE,2000;2020
21227,2010,TRUE,2000;2020
29229,2010,TRUE,2000;2020
48231,2010,TRUE,2000;2020
13233,2010,TRUE,2000;2020
21233,2010,TRUE,2000;2020
48241,2010,TRUE,2000;2020
13245,2010,TRUE,2000;2020
48245,2010,TRUE,2000;2020
13251,2010,TRUE,2000;2020
48253,2010,TRUE,2000;2020
13257,2010,TRUE,2000;2020
13263,2010,TRUE,2000;2020
48265,2010,TRUE,2000;2020
13275,2010,TRUE,2000;2020
48277,2010,TRUE,2000;2020
13281,2010,TRUE,2000;2020
13289,2010,TRUE,2000;2020
48291,2010,TRUE,2000;2020
13297,2010,TRUE,2000;2020
13301,2010,TRUE,2000;2020
48303,2010,TRUE,2000;2020
13305,2010,TRUE,2000;2020
48309,2010,TRUE,2000;2020
13315,2010,TRUE,2000;2020
48321,2010,TRUE,2000;2020
48323,2010,TRUE,2000;2020
48339,2010,TRUE,2000;2020
48347,2010,TRUE,2000;2020
48349,2010,TRUE,2000;2020
48355,2010,TRUE,2000;2020
48361,2010,TRUE,2000;2020
48367,2010,TRUE,2000;2020
48375,2010,TRUE,2000;2020
48381,2010,TRUE,2000;2020
48401,2010,TRUE,2000;2020
48411,2010,TRUE,2000;2020
48417,2010,TRUE,2000;2020
48423,2010,TRUE,2000;2020
48427,2010,TRUE,2000;2020
48439,2010,TRUE,2000;2020
48445,2010,TRUE,2000;2020
48449,2010,TRUE,2000;2020
48451,2010,TRUE,2000;2020
48453,2010,TRUE,2000;2020
48457,2010,TRUE,2000;2020
48459,2010,TRUE,2000;2020
48465,2010,TRUE,2000;2020
48473,2010,TRUE,2000;2020
48479,2010,TRUE,2000;2020
48485,2010,TRUE,2000;2020
24510,2010,TRUE,2000;2020
29510,2010,TRUE,2000;2020
51510,2010,TRUE,2000;2020
51515,2010,TRUE,2000
51540,2010,TRUE,2000;2020
51550,2010,TRUE,2000;2020
51590,2010,TRUE,2000;2020
51660,2010,TRUE,2000;2020
51700,2010,TRUE,2000;2020
51710,2010,TRUE,2000;2020
51740,2010,TRUE,2000;2020
51760,2010,TRUE,2000;2020
51800,2010,TRUE,2000;2020
51810,2010,TRUE,2000;2020
06001,2020,TRUE,2000;2010
09001,2020,TRUE,2000;2010
10001,2020,TRUE,2000;2010
11001,2020,TRUE,2000;2010
12001,2020,TRUE,2000;2010
15001,2020,FALSE,NA
16001,2020,TRUE,2000;2010
17001,2020,TRUE,2000;2010
23001,2020,TRUE,2000;2010
25001,2020,TRUE,2000;2010
28001,2020,TRUE,2000;2010
29001,2020,TRUE,2000;2010
34001,2020,TRUE,2000;2010
35001,2020,TRUE,2000;2010
36001,2020,TRUE,2000;2010
37001,2020,TRUE,2000;2010
44001,2020,TRUE,2000;2010
47001,2020,TRUE,2000;2010
51001,2020,TRUE,2000;2010
01003,2020,TRUE,2000;2010
04003,2020,TRUE,2000;2010
05003,2020,TRUE,2000;2010
09003,2020,TRUE,2000;2010
10003,2020,TRUE,2000;2010
15003,2020,FALSE,NA
18003,2020,TRUE,2000;2010
23003,2020,TRUE,2000;2010
24003,2020,TRUE,2000;2010
27003,2020,TRUE,2000;2010
32003,2020,TRUE,2000;2010
34003,2020,TRUE,2000;2010
37003,2020,TRUE,2000;2010
39003,2020,TRUE,2000;2010
42003,2020,TRUE,2000;2010
45003,2020,TRUE,2000;2010
46003,2020,TRUE,2000;2010
54003,2020,TRUE,2000;2010
04005,2020,TRUE,2000;2010
05005,2020,TRUE,2000;2010
08005,2020,TRUE,2000;2010
09005,2020,TRUE,2000;2010
10005,2020,TRUE,2000;2010
12005,2020,TRUE,2000;2010
13005,2020,TRUE,2000;2010
18005,2020,TRUE,2000;2010
21005,2020,TRUE,2000;2010
24005,2020,TRUE,2000;2010
25005,2020,TRUE,2000;2010
26005,2020,TRUE,2000;2010
27005,2020,TRUE,2000;2010
34005,2020,TRUE,2000;2010
36005,2020,TRUE,2000;2010
39005,2020,TRUE,2000;2010
41005,2020,TRUE,2000;2010
42005,2020,TRUE,2000;2010
44005,2020,TRUE,2000;2010
48005,2020,TRUE,2000;2010
55005,2020,TRUE,2000;2010
01007,2020,TRUE,2000;2010
04007,2020,TRUE,2000;2010
05007,2020,TRUE,2000;2010
06007,2020,TRUE,2000;2010
15007,2020,FALSE,NA
23007,2020,TRUE,2000;2010
34007,2020,TRUE,2000;2010
36007,2020,TRUE,2000;2010
39007,2020,TRUE,2000;2010
44007,2020,TRUE,2000;2010
45007,2020,TRUE,2000;2010
50007,2020,TRUE,2000;2010
05009,2020,TRUE,2000;2010
09009,2020,TRUE,2000;2010
12009,2020,TRUE,2000;2010
15009,2020,FALSE,NA
21009,2020,TRUE,2000;2010
23009,2020,TRUE,2000;2010
25009,2020,TRUE,2000;2010
34009,2020,TRUE,2000;2010
36009,2020,TRUE,2000;2010
37009,2020,TRUE,2000;2010
41009,2020,TRUE,2000;2010
44009,2020,TRUE,2000;2010
51009,2020,TRUE,2000;2010
55009,2020,TRUE,2000;2010
09011,2020,TRUE,2000;2010
12011,2020,TRUE,2000;2010
17011,2020,TRUE,2000;2010
18011,2020,TRUE,2000;2010
23011,2020,TRUE,2000;2010
24011,2020,TRUE,2000;2010
33011,2020,TRUE,2000;2010
41011,2020,TRUE,2000;2010
53011,2020,TRUE,2000;2010
54011,2020,TRUE,2000;2010
04013,2020,TRUE,2000;2010
06013,2020,TRUE,2000;2010
08013,2020,TRUE,2000;2010
13013,2020,TRUE,2000;2010
24013,2020,TRUE,2000;2010
25013,2020,TRUE,2000;2010
33013,2020,TRUE,2000;2010
34013,2020,TRUE,2000;2010
35013,2020,TRUE,2000;2010
36013,2020,TRUE,2000;2010
39013,2020,TRUE,2000;2010
42013,2020,TRUE,2000;2010
22015,2020,TRUE,2000;2010
28015,2020,TRUE,2000;2010
33015,2020,TRUE,2000;2010
34015,2020,TRUE,2000;2010
36015,2020,TRUE,2000;2010
53015,2020,TRUE,2000;2010
05017,2020,TRUE,2000;2010
06017,2020,TRUE,2000;2010
18017,2020,TRUE,2000;2010
22017,2020,TRUE,2000;2010
25017,2020,TRUE,2000;2010
26017,2020,TRUE,2000;2010
31017,2020,TRUE,2000;2010
34017,2020,TRUE,2000;2010
37017,2020,TRUE,2000;2010
38017,2020,TRUE,2000;2010
39017,2020,TRUE,2000;2010
41017,2020,TRUE,2000;2010
42017,2020,TRUE,2000;2010
45017,2020,TRUE,2000;2010
47017,2020,TRUE,2000;2010
04019,2020,TRUE,2000;2010
06019,2020,TRUE,2000;2010
13019,2020,TRUE,2000;2010
16019,2020,TRUE,2000;2010
17019,2020,TRUE,2000;2010
18019,2020,TRUE,2000;2010
22019,2020,TRUE,2000;2010
23019,2020,TRUE,2000;2010
24019,2020,TRUE,2000;2010
29019,2020,TRUE,2000;2010
36019,2020,TRUE,2000;2010
37019,2020,TRUE,2000;2010
40019,2020,TRUE,2000;2010
45019,2020,TRUE,2000;2010
51019,2020,TRUE,2000;2010
02020,2020,FALSE,NA
01021,2020,TRUE,2000;2010
12021,2020,TRUE,2000;2010
13021,2020,TRUE,2000;2010
19021,2020,TRUE,2000;2010
20021,2020,TRUE,2000;2010
21021,2020,TRUE,2000;2010
24021,2020,TRUE,2000;2010
25021,2020,TRUE,2000;2010
26021,2020,TRUE,2000;2010
34021,2020,TRUE,2000;2010
40021,2020,TRUE,2000;2010
42021,2020,TRUE,2000;2010
45021,2020,TRUE,2000;2010
48021,2020,TRUE,2000;2010
55021,2020,TRUE,2000;2010
56021,2020,TRUE,2000;2010
05023,2020,TRUE,2000;2010
06023,2020,TRUE,2000;2010
12023,2020,TRUE,2000;2010
18023,2020,TRUE,2000;2010
25023,2020,TRUE,2000;2010
34023,2020,TRUE,2000;2010
37023,2020,TRUE,2000;2010
39023,2020,TRUE,2000;2010
48023,2020,TRUE,2000;2010
50023,2020,TRUE,2000;2010
01025,2020,TRUE,2000;2010
06025,2020,TRUE,2000;2010
24025,2020,TRUE,2000;2010
25025,2020,TRUE,2000;2010
26025,2020,TRUE,2000;2010
34025,2020,TRUE,2000;2010
50025,2020,TRUE,2000;2010
53025,2020,TRUE,2000;2010
55025,2020,TRUE,2000;2010
72025,2020,FALSE,NA
13027,2020,TRUE,2000;2010
25027,2020,TRUE,2000;2010
27027,2020,TRUE,2000;2010
34027,2020,TRUE,2000;2010
37027,2020,TRUE,2000;2010
38027,2020,TRUE,2000;2010
41027,2020,TRUE,2000;2010
42027,2020,TRUE,2000;2010
06029,2020,TRUE,2000;2010
08029,2020,TRUE,2000;2010
17029,2020,TRUE,2000;2010
19029,2020,TRUE,2000;2010
22029,2020,TRUE,2000;2010
36029,2020,TRUE,2000;2010
39029,2020,TRUE,2000;2010
41029,2020,TRUE,2000;2010
42029,2020,TRUE,2000;2010
47029,2020,TRUE,2000;2010
48029,2020,TRUE,2000;2010
53029,2020,TRUE,2000;2010
56029,2020,TRUE,2000;2010
01031,2020,TRUE,2000;2010
08031,2020,TRUE,2000;2010
12031,2020,TRUE,2000;2010
17031,2020,TRUE,2000;2010
18031,2020,TRUE,2000;2010
23031,2020,TRUE,2000;2010
24031,2020,TRUE,2000;2010
29031,2020,TRUE,2000;2010
32031,2020,TRUE,2000;2010
34031,2020,TRUE,2000;2010
40031,2020,TRUE,2000;2010
72031,2020,FALSE,NA
01033,2020,TRUE,2000;2010
12033,2020,TRUE,2000;2010
22033,2020,TRUE,2000;2010
24033,2020,TRUE,2000;2010
28033,2020,TRUE,2000;2010
29033,2020,TRUE,2000;2010
39033,2020,TRUE,2000;2010
42033,2020,TRUE,2000;2010
53033,2020,TRUE,2000;2010
05035,2020,TRUE,2000;2010
06035,2020,TRUE,2000;2010
24035,2020,TRUE,2000;2010
27035,2020,TRUE,2000;2010
34035,2020,TRUE,2000;2010
37035,2020,TRUE,2000;2010
39035,2020,TRUE,2000;2010
48035,2020,TRUE,2000;2010
49035,2020,TRUE,2000;2010
53035,2020,TRUE,2000;2010
72035,2020,FALSE,NA
06037,2020,TRUE,2000;2010
20037,2020,TRUE,2000;2010
21037,2020,TRUE,2000;2010
24037,2020,TRUE,2000;2010
26037,2020,TRUE,2000;2010
27037,2020,TRUE,2000;2010
28037,2020,TRUE,2000;2010
34037,2020,TRUE,2000;2010
35037,2020,TRUE,2000;2010
37037,2020,TRUE,2000;2010
40037,2020,TRUE,2000;2010
47037,2020,TRUE,2000;2010
48037,2020,TRUE,2000;2010
01039,2020,TRUE,2000;2010
06039,2020,TRUE,2000;2010
16039,2020,TRUE,2000;2010
18039,2020,TRUE,2000;2010
29039,2020,TRUE,2000;2010
34039,2020,TRUE,2000;2010
36039,2020,TRUE,2000;2010
37039,2020,TRUE,2000;2010
41039,2020,TRUE,2000;2010
54039,2020,TRUE,2000;2010
55039,2020,TRUE,2000;2010
01041,2020,TRUE,2000;2010
06041,2020,TRUE,2000;2010
08041,2020,TRUE,2000;2010
18041,2020,TRUE,2000;2010
19041,2020,TRUE,2000;2010
22041,2020,TRUE,2000;2010
39041,2020,TRUE,2000;2010
45041,2020,TRUE,2000;2010
48041,2020,TRUE,2000;2010
51041,2020,TRUE,2000;2010
16043,2020,TRUE,2000;2010
17043,2020,TRUE,2000;2010
28043,2020,TRUE,2000;2010
29043,2020,TRUE,2000;2010
37043,2020,TRUE,2000;2010
39043,2020,TRUE,2000;2010
42043,2020,TRUE,2000;2010
45043,2020,TRUE,2000;2010
55043,2020,TRUE,2000;2010
05045,2020,TRUE,2000;2010
18045,2020,TRUE,2000;2010
20045,2020,TRUE,2000;2010
24045,2020,TRUE,2000;2010
26045,2020,TRUE,2000;2010
31045,2020,TRUE,2000;2010
35045,2020,TRUE,2000;2010
36045,2020,TRUE,2000;2010
37045,2020,TRUE,2000;2010
39045,2020,TRUE,2000;2010
42045,2020,TRUE,2000;2010
45045,2020,TRUE,2000;2010
49045,2020,TRUE,2000;2010
56045,2020,TRUE,2000;2010
01047,2020,TRUE,2000;2010
06047,2020,TRUE,2000;2010
13047,2020,TRUE,2000;2010
22047,2020,TRUE,2000;2010
29047,2020,TRUE,2000;2010
36047,2020,TRUE,2000;2010
45047,2020,TRUE,2000;2010
48047,2020,TRUE,2000;2010
49047,2020,TRUE,2000;2010
17049,2020,TRUE,2000;2010
18049,2020,TRUE,2000;2010
27049,2020,TRUE,2000;2010
28049,2020,TRUE,2000;2010
30049,2020,TRUE,2000;2010
35049,2020,TRUE,2000;2010
37049,2020,TRUE,2000;2010
39049,2020,TRUE,2000;2010
42049,2020,TRUE,2000;2010
49049,2020,TRUE,2000;2010
54049,2020,TRUE,2000;2010
01051,2020,TRUE,2000;2010
05051,2020,TRUE,2000;2010
13051,2020,TRUE,2000;2010
29051,2020,TRUE,2000;2010
35051,2020,TRUE,2000;2010
36051,2020,TRUE,2000;2010
37051,2020,TRUE,2000;2010
41051,2020,TRUE,2000;2010
45051,2020,TRUE,2000;2010
54051,2020,TRUE,2000;2010
01053,2020,TRUE,2000;2010
06053,2020,TRUE,2000;2010
16053,2020,TRUE,2000;2010
18053,2020,TRUE,2000;2010
26053,2020,TRUE,2000;2010
27053,2020,TRUE,2000;2010
30053,2020,TRUE,2000;2010
31053,2020,TRUE,2000;2010
45053,2020,TRUE,2000;2010
48053,2020,TRUE,2000;2010
49053,2020,TRUE,2000;2010
53053,2020,TRUE,2000;2010
01055,2020,TRUE,2000;2010
12055,2020,TRUE,2000;2010
16055,2020,TRUE,2000;2010
31055,2020,TRUE,2000;2010
36055,2020,TRUE,2000;2010
42055,2020,TRUE,2000;2010
45055,2020,TRUE,2000;2010
55055,2020,TRUE,2000;2010
12057,2020,TRUE,2000;2010
16057,2020,TRUE,2000;2010
18057,2020,TRUE,2000;2010
19057,2020,TRUE,2000;2010
20057,2020,TRUE,2000;2010
37057,2020,TRUE,2000;2010
39057,2020,TRUE,2000;2010
49057,2020,TRUE,2000;2010
55057,2020,TRUE,2000;2010
06059,2020,TRUE,2000;2010
08059,2020,TRUE,2000;2010
13059,2020,TRUE,2000;2010
36059,2020,TRUE,2000;2010
37059,2020,TRUE,2000;2010
41059,2020,TRUE,2000;2010
45059,2020,TRUE,2000;2010
51059,2020,TRUE,2000;2010
54059,2020,TRUE,2000;2010
55059,2020,TRUE,2000;2010
19061,2020,TRUE,2000;2010
22061,2020,TRUE,2000;2010
36061,2020,TRUE,2000;2010
39061,2020,TRUE,2000;2010
42061,2020,TRUE,2000;2010
48061,2020,TRUE,2000;2010
51061,2020,TRUE,2000;2010
53061,2020,TRUE,2000;2010
54061,2020,TRUE,2000;2010
12063,2020,TRUE,2000;2010
13063,2020,TRUE,2000;2010
18063,2020,TRUE,2000;2010
36063,2020,TRUE,2000;2010
37063,2020,TRUE,2000;2010
53063,2020,TRUE,2000;2010
55063,2020,TRUE,2000;2010
06065,2020,TRUE,2000;2010
18065,2020,TRUE,2000;2010
26065,2020,TRUE,2000;2010
36065,2020,TRUE,2000;2010
37065,2020,TRUE,2000;2010
47065,2020,TRUE,2000;2010
06067,2020,TRUE,2000;2010
13067,2020,TRUE,2000;2010
16067,2020,TRUE,2000;2010
18067,2020,TRUE,2000;2010
21067,2020,TRUE,2000;2010
22067,2020,TRUE,2000;2010
27067,2020,TRUE,2000;2010
36067,2020,TRUE,2000;2010
37067,2020,TRUE,2000;2010
40067,2020,TRUE,2000;2010
41067,2020,TRUE,2000;2010
45067,2020,TRUE,2000;2010
48067,2020,TRUE,2000;2010
53067,2020,TRUE,2000;2010
05069,2020,TRUE,2000;2010
06069,2020,TRUE,2000;2010
12069,2020,TRUE,2000;2010
22069,2020,TRUE,2000;2010
29069,2020,TRUE,2000;2010
37069,2020,TRUE,2000;2010
42069,2020,TRUE,2000;2010
55069,2020,TRUE,2000;2010
06071,2020,TRUE,2000;2010
12071,2020,TRUE,2000;2010
22071,2020,TRUE,2000;2010
29071,2020,TRUE,2000;2010
36071,2020,TRUE,2000;2010
37071,2020,TRUE,2000;2010
39071,2020,TRUE,2000;2010
41071,2020,TRUE,2000;2010
42071,2020,TRUE,2000;2010
55071,2020,TRUE,2000;2010
01073,2020,TRUE,2000;2010
05073,2020,TRUE,2000;2010
06073,2020,TRUE,2000;2010
12073,2020,TRUE,2000;2010
17073,2020,TRUE,2000;2010
21073,2020,TRUE,2000;2010
22073,2020,TRUE,2000;2010
27073,2020,TRUE,2000;2010
39073,2020,TRUE,2000;2010
40073,2020,TRUE,2000;2010
42073,2020,TRUE,2000;2010
47073,2020,TRUE,2000;2010
53073,2020,TRUE,2000;2010
55073,2020,TRUE,2000;2010
01075,2020,TRUE,2000;2010
05075,2020,TRUE,2000;2010
06075,2020,TRUE,2000;2010
12075,2020,TRUE,2000;2010
26075,2020,TRUE,2000;2010
28075,2020,TRUE,2000;2010
42075,2020,TRUE,2000;2010
45075,2020,TRUE,2000;2010
48075,2020,TRUE,2000;2010
06077,2020,TRUE,2000;2010
13077,2020,TRUE,2000;2010
18077,2020,TRUE,2000;2010
29077,2020,TRUE,2000;2010
39077,2020,TRUE,2000;2010
42077,2020,TRUE,2000;2010
53077,2020,TRUE,2000;2010
20079,2020,TRUE,2000;2010
22079,2020,TRUE,2000;2010
28079,2020,TRUE,2000;2010
31079,2020,TRUE,2000;2010
36079,2020,TRUE,2000;2010
42079,2020,TRUE,2000;2010
45079,2020,TRUE,2000;2010
51079,2020,TRUE,2000;2010
54079,2020,TRUE,2000;2010
55079,2020,TRUE,2000;2010
01081,2020,TRUE,2000;2010
05081,2020,TRUE,2000;2010
06081,2020,TRUE,2000;2010
19081,2020,TRUE,2000;2010
26081,2020,TRUE,2000;2010
36081,2020,TRUE,2000;2010
37081,2020,TRUE,2000;2010
42081,2020,TRUE,2000;2010
01083,2020,TRUE,2000;2010
06083,2020,TRUE,2000;2010
12083,2020,TRUE,2000;2010
16083,2020,TRUE,2000;2010
18083,2020,TRUE,2000;2010
22083,2020,TRUE,2000;2010
36083,2020,TRUE,2000;2010
37083,2020,TRUE,2000;2010
45083,2020,TRUE,2000;2010
48083,2020,TRUE,2000;2010
05085,2020,TRUE,2000;2010
06085,2020,TRUE,2000;2010
17085,2020,TRUE,2000;2010
27085,2020,TRUE,2000;2010
36085,2020,TRUE,2000;2010
39085,2020,TRUE,2000;2010
42085,2020,TRUE,2000;2010
45085,2020,TRUE,2000;2010
48085,2020,TRUE,2000;2010
12086,2020,TRUE,2000;2010
01087,2020,TRUE,2000;2010
36087,2020,TRUE,2000;2010
42087,2020,TRUE,2000;2010
45087,2020,TRUE,2000;2010
51087,2020,TRUE,2000;2010
55087,2020,TRUE,2000;2010
01089,2020,TRUE,2000;2010
12089,2020,TRUE,2000;2010
13089,2020,TRUE,2000;2010
17089,2020,TRUE,2000;2010
18089,2020,TRUE,2000;2010
21089,2020,TRUE,2000;2010
28089,2020,TRUE,2000;2010
31089,2020,TRUE,2000;2010
36089,2020,TRUE,2000;2010
39089,2020,TRUE,2000;2010
55089,2020,TRUE,2000;2010
02090,2020,FALSE,NA
05091,2020,TRUE,2000;2010
13091,2020,TRUE,2000;2010
17091,2020,TRUE,2000;2010
20091,2020,TRUE,2000;2010
26091,2020,TRUE,2000;2010
28091,2020,TRUE,2000;2010
36091,2020,TRUE,2000;2010
39091,2020,TRUE,2000;2010
42091,2020,TRUE,2000;2010
45091,2020,TRUE,2000;2010
21093,2020,TRUE,2000;2010
36093,2020,TRUE,2000;2010
39093,2020,TRUE,2000;2010
47093,2020,TRUE,2000;2010
01095,2020,TRUE,2000;2010
06095,2020,TRUE,2000;2010
12095,2020,TRUE,2000;2010
13095,2020,TRUE,2000;2010
18095,2020,TRUE,2000;2010
22095,2020,TRUE,2000;2010
29095,2020,TRUE,2000;2010
39095,2020,TRUE,2000;2010
42095,2020,TRUE,2000;2010
01097,2020,TRUE,2000;2010
12097,2020,TRUE,2000;2010
13097,2020,TRUE,2000;2010
17097,2020,TRUE,2000;2010
18097,2020,TRUE,2000;2010
22097,2020,TRUE,2000;2010
28097,2020,TRUE,2000;2010
37097,2020,TRUE,2000;2010
42097,2020,TRUE,2000;2010
47097,2020,TRUE,2000;2010
06099,2020,TRUE,2000;2010
12099,2020,TRUE,2000;2010
13099,2020,TRUE,2000;2010
17099,2020,TRUE,2000;2010
26099,2020,TRUE,2000;2010
29099,2020,TRUE,2000;2010
39099,2020,TRUE,2000;2010
42099,2020,TRUE,2000;2010
55099,2020,TRUE,2000;2010
01101,2020,TRUE,2000;2010
17101,2020,TRUE,2000;2010
19101,2020,TRUE,2000;2010
27101,2020,TRUE,2000;2010
36101,2020,TRUE,2000;2010
38101,2020,TRUE,2000;2010
40101,2020,TRUE,2000;2010
42101,2020,TRUE,2000;2010
55101,2020,TRUE,2000;2010
01103,2020,TRUE,2000;2010
12103,2020,TRUE,2000;2010
13103,2020,TRUE,2000;2010
18103,2020,TRUE,2000;2010
20103,2020,TRUE,2000;2010
22103,2020,TRUE,2000;2010
36103,2020,TRUE,2000;2010
46103,2020,TRUE,2000;2010
72103,2020,FALSE,NA
05105,2020,TRUE,2000;2010
08105,2020,TRUE,2000;2010
18105,2020,TRUE,2000;2010
22105,2020,TRUE,2000;2010
27105,2020,TRUE,2000;2010
28105,2020,TRUE,2000;2010
55105,2020,TRUE,2000;2010
01107,2020,TRUE,2000;2010
06107,2020,TRUE,2000;2010
28107,2020,TRUE,2000;2010
29107,2020,TRUE,2000;2010
47107,2020,TRUE,2000;2010
48107,2020,TRUE,2000;2010
51107,2020,TRUE,2000;2010
54107,2020,TRUE,2000;2010
28109,2020,TRUE,2000;2010
31109,2020,TRUE,2000;2010
39109,2020,TRUE,2000;2010
40109,2020,TRUE,2000;2010
55109,2020,TRUE,2000;2010
02110,2020,FALSE,NA
05111,2020,TRUE,2000;2010
06111,2020,TRUE,2000;2010
12111,2020,TRUE,2000;2010
13111,2020,TRUE,2000;2010
17111,2020,TRUE,2000;2010
19111,2020,TRUE,2000;2010
21111,2020,TRUE,2000;2010
27111,2020,TRUE,2000;2010
30111,2020,TRUE,2000;2010
31111,2020,TRUE,2000;2010
37111,2020,TRUE,2000;2010
40111,2020,TRUE,2000;2010
55111,2020,TRUE,2000;2010
06113,2020,TRUE,2000;2010
12113,2020,TRUE,2000;2010
17113,2020,TRUE,2000;2010
18113,2020,TRUE,2000;2010
21113,2020,TRUE,2000;2010
22113,2020,TRUE,2000;2010
39113,2020,TRUE,2000;2010
48113,2020,TRUE,2000;2010
05115,2020,TRUE,2000;2010
17115,2020,TRUE,2000;2010
26115,2020,TRUE,2000;2010
36115,2020,TRUE,2000;2010
47115,2020,TRUE,2000;2010
55115,2020,TRUE,2000;2010
01117,2020,TRUE,2000;2010
12117,2020,TRUE,2000;2010
17117,2020,TRUE,2000;2010
21117,2020,TRUE,2000;2010
26117,2020,TRUE,2000;2010
42117,2020,TRUE,2000;2010
55117,2020,TRUE,2000;2010
01119,2020,TRUE,2000;2010
05119,2020,TRUE,2000;2010
12119,2020,TRUE,2000;2010
17119,2020,TRUE,2000;2010
22119,2020,TRUE,2000;2010
27119,2020,TRUE,2000;2010
36119,2020,TRUE,2000;2010
37119,2020,TRUE,2000;2010
39119,2020,TRUE,2000;2010
47119,2020,TRUE,2000;2010
01121,2020,TRUE,2000;2010
13121,2020,TRUE,2000;2010
26121,2020,TRUE,2000;2010
48121,2020,TRUE,2000;2010
02122,2020,FALSE,NA
01123,2020,TRUE,2000;2010
08123,2020,TRUE,2000;2010
20123,2020,TRUE,2000;2010
21123,2020,TRUE,2000;2010
27123,2020,TRUE,2000;2010
28123,2020,TRUE,2000;2010
55123,2020,TRUE,2000;2010
01125,2020,TRUE,2000;2010
21125,2020,TRUE,2000;2010
26125,2020,TRUE,2000;2010
46125,2020,TRUE,2000;2010
47125,2020,TRUE,2000;2010
01127,2020,TRUE,2000;2010
12127,2020,TRUE,2000;2010
13127,2020,TRUE,2000;2010
17127,2020,TRUE,2000;2010
18127,2020,TRUE,2000;2010
19127,2020,TRUE,2000;2010
37127,2020,TRUE,2000;2010
39127,2020,TRUE,2000;2010
55127,2020,TRUE,2000;2010
72127,2020,FALSE,NA
37129,2020,TRUE,2000;2010
42129,2020,TRUE,2000;2010
55129,2020,TRUE,2000;2010
72129,2020,FALSE,NA
05131,2020,TRUE,2000;2010
12131,2020,TRUE,2000;2010
18131,2020,TRUE,2000;2010
12133,2020,TRUE,2000;2010
17133,2020,TRUE,2000;2010
29133,2020,TRUE,2000;2010
37133,2020,TRUE,2000;2010
39133,2020,TRUE,2000;2010
42133,2020,TRUE,2000;2010
55133,2020,TRUE,2000;2010
13135,2020,TRUE,2000;2010
18135,2020,TRUE,2000;2010
29135,2020,TRUE,2000;2010
37135,2020,TRUE,2000;2010
48135,2020,TRUE,2000;2010
51135,2020,TRUE,2000;2010
05137,2020,TRUE,2000;2010
13137,2020,TRUE,2000;2010
18137,2020,TRUE,2000;2010
19137,2020,TRUE,2000;2010
21137,2020,TRUE,2000;2010
27137,2020,TRUE,2000;2010
13139,2020,TRUE,2000;2010
17139,2020,TRUE,2000;2010
19139,2020,TRUE,2000;2010
29139,2020,TRUE,2000;2010
39139,2020,TRUE,2000;2010
40139,2020,TRUE,2000;2010
48139,2020,TRUE,2000;2010
51139,2020,TRUE,2000;2010
18141,2020,TRUE,2000;2010
27141,2020,TRUE,2000;2010
37141,2020,TRUE,2000;2010
39141,2020,TRUE,2000;2010
48141,2020,TRUE,2000;2010
55141,2020,TRUE,2000;2010
05143,2020,TRUE,2000;2010
17143,2020,TRUE,2000;2010
29143,2020,TRUE,2000;2010
39143,2020,TRUE,2000;2010
40143,2020,TRUE,2000;2010
21145,2020,TRUE,2000;2010
26145,2020,TRUE,2000;2010
37145,2020,TRUE,2000;2010
40145,2020,TRUE,2000;2010
48145,2020,TRUE,2000;2010
37147,2020,TRUE,2000;2010
47147,2020,TRUE,2000;2010
20149,2020,TRUE,2000;2010
18151,2020,TRUE,2000;2010
37151,2020,TRUE,2000;2010
39151,2020,TRUE,2000;2010
18153,2020,TRUE,2000;2010
19153,2020,TRUE,2000;2010
31153,2020,TRUE,2000;2010
39153,2020,TRUE,2000;2010
48153,2020,TRUE,2000;2010
19155,2020,TRUE,2000;2010
20155,2020,TRUE,2000;2010
37155,2020,TRUE,2000;2010
39155,2020,TRUE,2000;2010
47155,2020,TRUE,2000;2010
13157,2020,TRUE,2000;2010
18157,2020,TRUE,2000;2010
26157,2020,TRUE,2000;2010
39157,2020,TRUE,2000;2010
47157,2020,TRUE,2000;2010
48157,2020,TRUE,2000;2010
26159,2020,TRUE,2000;2010
37159,2020,TRUE,2000;2010
19161,2020,TRUE,2000;2010
26161,2020,TRUE,2000;2010
28161,2020,TRUE,2000;2010
51161,2020,TRUE,2000;2010
17163,2020,TRUE,2000;2010
18163,2020,TRUE,2000;2010
19163,2020,TRUE,2000;2010
26163,2020,TRUE,2000;2010
37163,2020,TRUE,2000;2010
47163,2020,TRUE,2000;2010
51165,2020,TRUE,2000;2010
17167,2020,TRUE,2000;2010
18167,2020,TRUE,2000;2010
48167,2020,TRUE,2000;2010
18169,2020,TRUE,2000;2010
19169,2020,TRUE,2000;2010
37169,2020,TRUE,2000;2010
20171,2020,TRUE,2000;2010
39171,2020,TRUE,2000;2010
17173,2020,TRUE,2000;2010
18173,2020,TRUE,2000;2010
20173,2020,TRUE,2000;2010
18177,2020,TRUE,2000;2010
19177,2020,TRUE,2000;2010
20177,2020,TRUE,2000;2010
17179,2020,TRUE,2000;2010
18179,2020,TRUE,2000;2010
47179,2020,TRUE,2000;2010
48181,2020,TRUE,2000;2010
51181,2020,TRUE,2000;2010
17183,2020,TRUE,2000;2010
18183,2020,TRUE,2000;2010
29183,2020,TRUE,2000;2010
37183,2020,TRUE,2000;2010
48183,2020,TRUE,2000;2010
47185,2020,TRUE,2000;2010
47187,2020,TRUE,2000;2010
48187,2020,TRUE,2000;2010
29189,2020,TRUE,2000;2010
37189,2020,TRUE,2000;2010
37191,2020,TRUE,2000;2010
37193,2020,TRUE,2000;2010
17195,2020,TRUE,2000;2010
21195,2020,TRUE,2000;2010
29195,2020,TRUE,2000;2010
17199,2020,TRUE,2000;2010
21199,2020,TRUE,2000;2010
48199,2020,TRUE,2000;2010
51199,2020,TRUE,2000;2010
17201,2020,TRUE,2000;2010
48201,2020,TRUE,2000;2010
20209,2020,TRUE,2000;2010
21209,2020,TRUE,2000;2010
29213,2020,TRUE,2000;2010
13215,2020,TRUE,2000;2010
48215,2020,TRUE,2000;2010
13219,2020,TRUE,2000;2010
29221,2020,TRUE,2000;2010
48221,2020,TRUE,2000;2010
13227,2020,TRUE,2000;2010
21227,2020,TRUE,2000;2010
29229,2020,TRUE,2000;2010
48231,2020,TRUE,2000;2010
13233,2020,TRUE,2000;2010
21233,2020,TRUE,2000;2010
48241,2020,TRUE,2000;2010
13245,2020,TRUE,2000;2010
48245,2020,TRUE,2000;2010
13251,2020,TRUE,2000;2010
48253,2020,TRUE,2000;2010
13257,2020,TRUE,2000;2010
13263,2020,TRUE,2000;2010
48265,2020,TRUE,2000;2010
13275,2020,TRUE,2000;2010
48277,2020,TRUE,2000;2010
13281,2020,TRUE,2000;2010
13289,2020,TRUE,2000;2010
48291,2020,TRUE,2000;2010
13297,2020,TRUE,2000;2010
13301,2020,TRUE,2000;2010
48303,2020,TRUE,2000;2010
13305,2020,TRUE,2000;2010
48309,2020,TRUE,2000;2010
13315,2020,TRUE,2000;2010
48321,2020,TRUE,2000;2010
48323,2020,TRUE,2000;2010
48339,2020,TRUE,2000;2010
48347,2020,TRUE,2000;2010
48349,2020,TRUE,2000;2010
48355,2020,TRUE,2000;2010
48361,2020,TRUE,2000;2010
48367,2020,TRUE,2000;2010
48375,2020,TRUE,2000;2010
48381,2020,TRUE,2000;2010
48401,2020,TRUE,2000;2010
48411,2020,TRUE,2000;2010
48417,2020,TRUE,2000;2010
48423,2020,TRUE,2000;2010
48427,2020,TRUE,2000;2010
48439,2020,TRUE,2000;2010
48445,2020,TRUE,2000;2010
48449,2020,TRUE,2000;2010
48451,2020,TRUE,2000;2010
48453,2020,TRUE,2000;2010
48457,2020,TRUE,2000;2010
48459,2020,TRUE,2000;2010
48465,2020,TRUE,2000;2010
48473,2020,TRUE,2000;2010
48479,2020,TRUE,2000;2010
48485,2020,TRUE,2000;2010
24510,2020,TRUE,2000;2010
29510,2020,TRUE,2000;2010
51510,2020,TRUE,2000;2010
51540,2020,TRUE,2000;2010
51550,2020,TRUE,2000;2010
51590,2020,TRUE,2000;2010
51660,2020,TRUE,2000;2010
51700,2020,TRUE,2000;2010
51710,2020,TRUE,2000;2010
51740,2020,TRUE,2000;2010
51760,2020,TRUE,2000;2010
51800,2020,TRUE,2000;2010
51810,2020,TRUE,2000;2010
